left_hip_pitch,left_hip_roll,left_hip_yaw,left_knee,left_ankle_pitch,left_ankle_roll,right_hip_pitch,right_hip_roll,right_hip_yaw,right_knee,right_ankle_pitch,right_ankle_roll
0.0560250700000001,-0.0051572144460736,0.0272271350000000,0.0570722649999999,-0.0307818793136183,0.0028962350824701,-0.0560250700000000,-0.0126986695693275,0.0272271350000001,-0.0000000000000001,-0.0194673522613532,0.0059179904935227
0.0875336984450829,-0.0099578743535730,0.0512319689368641,0.1827582554784297,-0.1878615193136183,0.0077953230384573,-0.2801253499999997,0.0112579711591397,0.1361356750000002,0.0494623694638184,0.1376122877386469,-0.0017512933864312
0.0305132666823309,-0.0122169150930871,0.0035839992019707,0.2624772222420786,-0.2777025112762258,0.0118651430138199,-0.4714795584776262,0.0304977074042032,0.2450442150000001,0.2777514294638184,0.0617886689204374,-0.0035910782375856
-0.0318246995670690,-0.0163109527101733,-0.0476097846057809,0.3318310762431905,-0.3038980738253911,0.0149753707361636,-0.4825571319194983,0.0360175711436969,0.3105462817464517,0.3294623627136657,0.0140369378325781,0.0139441573361390
-0.1095440164439476,-0.0236309391188841,-0.1102303298053239,0.4144670040180251,-0.3318606399744240,0.0174483419579707,-0.4378327646745295,0.0244275255980883,0.2808766207310248,0.2956844342744054,0.0118195059416544,0.0158122001188373
-0.1980252584674869,-0.0354613082870741,-0.1798054270238229,0.5040400623752556,-0.3478084868835236,0.0188617935935109,-0.3907770910612053,0.0139574506817095,0.2498681753094915,0.2652652872371172,0.0056651357074245,0.0174383643399783
-0.2895442438271157,-0.0516018576176479,-0.2492728236117782,0.5905772754060474,-0.3489874054302202,0.0186005170532930,-0.3420655580669864,0.0048415968007079,0.2178979181573513,0.2382376076122402,-0.0039687516344231,0.0187220214150554
-0.3793666186176564,-0.0712069121871795,-0.3145830763653504,0.6714022972977710,-0.3490610878393888,0.0170394065009948,-0.2922088815107674,-0.0027820430685366,0.1851921758786875,0.2142641032439310,-0.0163938615513075,0.0195819832461708
-0.4622966700845651,-0.0922735648434984,-0.3717175436341771,0.7407176957583164,-0.3490656929899618,0.0145775366746690,-0.2418044428697328,-0.0088107606454992,0.1520718893937039,0.1930679167300502,-0.0309875627324566,0.0199664309695137
-0.5348385334435549,-0.1124415214035180,-0.4184620240836821,0.7942577162456431,-0.3490659808118726,0.0116641389597321,-0.1915338529941716,-0.0131885859375195,0.1189504629203667,0.1744406738135729,-0.0471927726385453,0.0198522178011279
-0.5953693400277120,-0.1297194457234342,-0.4543397535386456,0.8301158477188432,-0.3490659988007420,0.0087038219043451,-0.1421519329442039,-0.0159160298631041,0.0863231618358574,0.1582451059998832,-0.0645137318572718,0.0192419727844529
-0.6433256773732740,-0.1426945809658448,-0.4797609735116997,0.8476869101482798,-0.3459210837708766,0.0059856770712385,-0.0944716346230857,-0.0170564648415400,0.0547521772065117,0.1444180509879906,-0.0825123061139264,0.0181596302059600
-0.6773332858454162,-0.1498575406396812,-0.4945905135244951,0.8412338040720604,-0.3118859117682076,0.0031853727495016,-0.0493490831115405,-0.0167383490391533,0.0248512927491338,0.1329767390242878,-0.1008067836223736,0.0166449956659402
-0.6991592328519466,-0.1516888329904853,-0.5007475828906751,0.8177541401319972,-0.2714130818281368,0.0007917428048742,-0.0076731883850687,-0.0151530257848559,-0.0027255834351555,0.1240306783858065,-0.1190744289966147,0.0147478656765924
-0.7098632864869180,-0.1487310921673608,-0.4994660274918542,0.7809684223236670,-0.2278042664174831,-0.0010266563691462,0.0296359017986803,-0.0125481814629064,-0.0272878778147512,0.1178014005988052,-0.1370588412565316,0.0125221640864071
-0.7103901144865864,-0.1416878746226356,-0.4917885642703430,0.7340487569097743,-0.1832300851382933,-0.0023679650804471,0.0616158582220238,-0.0092170671750841,-0.0481002272283021,0.1146525911131219,-0.1545832616036533,0.0100205497726394
-0.7018536152211378,-0.1314589164207803,-0.4787833981384959,0.6803817301685676,-0.1398613826580417,-0.0034114495382354,0.0872360409543356,-0.0054830807610845,-0.0643601217337696,0.1151334353455743,-0.1715712081079120,0.0072900004590733
-0.6854951399744155,-0.1190053900479062,-0.4615221586756775,0.6233272708742090,-0.0997472469571860,-0.0043660408395945,0.1053548694613059,-0.0016780165175958,-0.0751600563909845,0.1200377521513186,-0.1880758526936278,0.0043690220856859
-0.6625800878602539,-0.1052190971445145,-0.4410041489838750,0.5658964679615169,-0.0646152305627108,-0.0054194069708855,0.1146620808150949,0.0018901030409225,-0.0794357057349693,0.1304791654639687,-0.2043186048997174,0.0012874350981388
-0.6342675291553241,-0.0908323513904683,-0.4180607698341252,0.5104581687392747,-0.0356782015859234,-0.0066981759411628,0.1136141537208967,0.0049874950308367,-0.0759085821572968,0.1479745070381375,-0.2207334564717601,-0.0019297665891033
-0.6015091030975103,-0.0763901738199682,-0.3932898026092219,0.4585879697260596,-0.0135382376672261,-0.0082486652174353,0.1003892154377639,0.0075360035861779,-0.0630493567935496,0.1745055716380496,-0.2380022910156924,-0.0052521746347231
-0.5650199172974630,-0.0622774862861905,-0.3670525667964051,0.4111058022735862,0.0017720789373070,-0.0100398156287310,0.0729304539895826,0.0097396069968166,-0.0391287625970315,0.2124776593391360,-0.2570391413965393,-0.0086243256396972
-0.5253190287860454,-0.0487716500830235,-0.3395273341131277,0.3682489008908342,0.0106476176534380,-0.0119818158714453,0.0292287809277975,0.0122531142851825,-0.0024979741933367,0.2643954788338017,-0.2788295816935766,-0.0119348155118744
-0.4828051591284734,-0.0360913498202259,-0.3107876914953954,0.3298837045299223,0.0137406881907849,-0.0139507912163966,-0.0319169958245747,0.0163174209792782,0.0476880117143909,0.3319682847512092,-0.3039753575647545,-0.0149801202751344
-0.4378336598935969,-0.0244277846448070,-0.2808774127907530,0.2956860640216290,0.0118181327740720,-0.0158120708167051,-0.1095522403410318,0.0236319576696829,0.1102372783054975,0.4144794111096802,-0.3318676187596108,-0.0174487885600346
-0.3907770986531017,-0.0139574525903727,-0.2498681818960182,0.2652653009987172,0.0056651235026132,-0.0174383632911813,-0.1980260120085580,0.0354614475377793,0.1798060562167370,0.5040411986082644,-0.3478089728115839,-0.0188618332792316
-0.3420655581767043,-0.0048415968246168,-0.2178979182516652,0.2382376078105574,-0.0039687518178057,-0.0187220214005842,-0.2895443046004826,0.0516018726402394,0.2492728734053705,0.5905773675887980,-0.3489874358007239,-0.0186005197096922
-0.2922088815129862,0.0027820430681197,-0.1851921758805900,0.2142641032479473,-0.0163938615551731,-0.0195819832458838,-0.3793666227249834,0.0712069134599634,0.3145830796547740,0.6714023036868008,-0.3490610897375452,-0.0170394066543050
-0.2418044428697857,0.0088107606454907,-0.1520718893937495,0.1930679167301476,-0.0309875627325556,-0.0199664309695071,-0.4622966703091828,0.0922735649262636,0.3717175438095703,0.7407176961220553,-0.3490656931085965,-0.0145775366824796
-0.1915338529941722,0.0131885859375194,-0.1189504629203676,0.1744406738135753,-0.0471927726385503,-0.0198522178011282,-0.5348385334533622,0.1124415214076296,0.4184620240911392,0.7942577162624688,-0.3490659808192872,-0.0116641389601210
-0.1421519329442032,0.0159160298631041,-0.0863231618358572,0.1582451059998833,-0.0645137318572749,-0.0192419727844538,-0.5953693400280625,0.1297194457235953,0.4543397535389044,0.8301158477194996,-0.3490659988012054,-0.0087038219043663
-0.0944716346230849,0.0170564648415400,-0.0547521772065113,0.1444180509879904,-0.0825123061139267,-0.0181596302059599,-0.6433256773732852,0.1426945809658502,0.4797609735117077,0.8476869101483023,-0.3459210837708925,-0.0059856770712398
-0.0493490831115397,0.0167383490391533,-0.0248512927491333,0.1329767390242876,-0.1008067836223738,-0.0166449956659402,-0.6773332858454165,0.1498575406396813,0.4945905135244952,0.8412338040720603,-0.3118859117682071,-0.0031853727495014
-0.0076731883850677,0.0151530257848558,0.0027255834351562,0.1240306783858059,-0.1190744289966150,-0.0147478656765922,-0.6991592328519469,0.1516888329904853,0.5007475828906752,0.8177541401319968,-0.2714130818281362,-0.0007917428048742
0.0296359017986810,0.0125481814629064,0.0272878778147517,0.1178014005988050,-0.1370588412565318,-0.0125221640864071,-0.7098632864869180,0.1487310921673607,0.4994660274918540,0.7809684223236664,-0.2278042664174822,0.0010266563691462
0.0616158582220245,0.0092170671750841,0.0481002272283026,0.1146525911131217,-0.1545832616036535,-0.0100205497726393,-0.7103901144865862,0.1416878746226354,0.4917885642703427,0.7340487569097732,-0.1832300851382928,0.0023679650804473
0.0872360409543360,0.0054830807610844,0.0643601217337698,0.1151334353455743,-0.1715712081079123,-0.0072900004590732,-0.7018536152211375,0.1314589164207801,0.4787833981384957,0.6803817301685667,-0.1398613826580408,0.0034114495382354
0.1053548694613062,0.0016780165175957,0.0751600563909847,0.1200377521513186,-0.1880758526936280,-0.0043690220856858,-0.6854951399744149,0.1190053900479058,0.4615221586756769,0.6233272708742074,-0.0997472469571849,0.0043660408395946
0.1146620808150950,-0.0018901030409226,0.0794357057349693,0.1304791654639690,-0.2043186048997177,-0.0012874350981387,-0.6625800878602535,0.1052190971445143,0.4410041489838746,0.5658964679615160,-0.0646152305627103,0.0054194069708855
0.1136141537208965,-0.0049874950308368,0.0759085821572967,0.1479745070381378,-0.2207334564717602,0.0019297665891034,-0.6342675291553235,0.0908323513904680,0.4180607698341247,0.5104581687392736,-0.0356782015859230,0.0066981759411629
0.1003892154377636,-0.0075360035861779,0.0630493567935494,0.1745055716380501,-0.2380022910156927,0.0052521746347232,-0.6015091030975095,0.0763901738199679,0.3932898026092214,0.4585879697260586,-0.0135382376672257,0.0082486652174353
0.0729304539895819,-0.0097396069968166,0.0391287625970309,0.2124776593391370,-0.2570391413965398,0.0086243256396973,-0.5650199172974628,0.0622774862861904,0.3670525667964049,0.4111058022735861,0.0017720789373070,0.0100398156287310
0.0292287809277962,-0.0122531142851826,0.0024979741933355,0.2643954788338030,-0.2788295816935770,0.0119348155118745,-0.5253190287860446,0.0487716500830233,0.3395273341131272,0.3682489008908335,0.0106476176534381,0.0119818158714453
-0.0319169958245762,-0.0163174209792783,-0.0476880117143920,0.3319682847512109,-0.3039753575647541,0.0149801202751342,-0.4828051591284729,0.0360913498202257,0.3107876914953951,0.3298837045299219,0.0137406881907848,0.0139507912163967
-0.1095522403410334,-0.0236319576696831,-0.1102372783054987,0.4144794111096821,-0.3318676187596115,0.0174487885600346,-0.4378336598935961,0.0244277846448068,0.2808774127907524,0.2956860640216284,0.0118181327740719,0.0158120708167050
-0.1980260120085595,-0.0354614475377795,-0.1798060562167381,0.5040411986082658,-0.3478089728115841,0.0188618332792316,-0.3907770986531011,0.0139574525903725,0.2498681818960179,0.2652653009987172,0.0056651235026124,0.0174383632911814
-0.2895443046004846,-0.0516018726402398,-0.2492728734053718,0.5905773675887998,-0.3489874358007239,0.0186005197096922,-0.3420655581767036,0.0048415968246167,0.2178979182516647,0.2382376078105572,-0.0039687518178060,0.0187220214005842
-0.3793666227249855,-0.0712069134599638,-0.3145830796547754,0.6714023036868026,-0.3490610897375452,0.0170394066543050,-0.2922088815129856,-0.0027820430681198,0.1851921758805894,0.2142641032479471,-0.0163938615551734,0.0195819832458838
-0.4622966703091846,-0.0922735649262640,-0.3717175438095716,0.7407176961220566,-0.3490656931085965,0.0145775366824795,-0.2418044428697844,-0.0088107606454908,0.1520718893937488,0.1930679167301469,-0.0309875627325560,0.0199664309695070
-0.5348385334533635,-0.1124415214076300,-0.4184620240911399,0.7942577162624701,-0.3490659808192872,0.0116641389601210,-0.1915338529941714,-0.0131885859375194,0.1189504629203668,0.1744406738135749,-0.0471927726385485,0.0198522178011277
-0.5953693400280632,-0.1297194457235955,-0.4543397535389048,0.8301158477195002,-0.3490659988012055,0.0087038219043663,-0.1421519329442026,-0.0159160298631041,0.0863231618358565,0.1582451059998826,-0.0645137318572721,0.0192419727844529
-0.6433256773732847,-0.1426945809658501,-0.4797609735117075,0.8476869101483021,-0.3459210837708926,0.0059856770712399,-0.0944716346230850,-0.0170564648415400,0.0547521772065113,0.1444180509879902,-0.0825123061139264,0.0181596302059599
-0.6773332858454161,-0.1498575406396812,-0.4945905135244952,0.8412338040720613,-0.3118859117682084,0.0031853727495017,-0.0493490831115413,-0.0167383490391533,0.0248512927491344,0.1329767390242879,-0.1008067836223729,0.0166449956659401
-0.6991592328519459,-0.1516888329904853,-0.5007475828906751,0.8177541401319981,-0.2714130818281383,0.0007917428048743,-0.0076731883850700,-0.0151530257848559,-0.0027255834351547,0.1240306783858066,-0.1190744289966142,0.0147478656765923
-0.7098632864869175,-0.1487310921673612,-0.4994660274918545,0.7809684223236697,-0.2278042664174857,-0.0010266563691461,0.0296359017986783,-0.0125481814629067,-0.0272878778147499,0.1178014005988052,-0.1370588412565302,0.0125221640864074
-0.7103901144865864,-0.1416878746226362,-0.4917885642703436,0.7340487569097780,-0.1832300851382966,-0.0023679650804471,0.0616158582220216,-0.0092170671750844,-0.0481002272283007,0.1146525911131218,-0.1545832616036518,0.0100205497726396
-0.7018536152211388,-0.1314589164207814,-0.4787833981384973,0.6803817301685730,-0.1398613826580458,-0.0034114495382354,0.0872360409543336,-0.0054830807610849,-0.0643601217337686,0.1151334353455739,-0.1715712081079109,0.0072900004590729
-0.6854951399744177,-0.1190053900479077,-0.4615221586756798,0.6233272708742157,-0.0997472469571905,-0.0043660408395944,0.1053548694613041,-0.0016780165175962,-0.0751600563909835,0.1200377521513175,-0.1880758526936256,0.0043690220856862
-0.6625800878602577,-0.1052190971445166,-0.4410041489838782,0.5658964679615253,-0.0646152305627158,-0.0054194069708854,0.1146620808150942,0.0018901030409219,-0.0794357057349692,0.1304791654639668,-0.2043186048997151,0.0012874350981393
-0.6342675291553295,-0.0908323513904709,-0.4180607698341294,0.5104581687392842,-0.0356782015859281,-0.0066981759411626,0.1136141537208978,0.0049874950308362,-0.0759085821572982,0.1479745070381338,-0.2207334564717572,-0.0019297665891027
-0.6015091030975170,-0.0763901738199710,-0.3932898026092268,0.4585879697260694,-0.0135382376672297,-0.0082486652174350,0.1003892154377676,0.0075360035861775,-0.0630493567935530,0.1745055716380438,-0.2380022910156892,-0.0052521746347225
-0.5650199172974711,-0.0622774862861934,-0.3670525667964107,0.4111058022735958,0.0017720789373045,-0.0100398156287306,0.0729304539895899,0.0097396069968161,-0.0391287625970379,0.2124776593391266,-0.2570391413965344,-0.0086243256396963
-0.5253190287860552,-0.0487716500830267,-0.3395273341131346,0.3682489008908439,0.0106476176534366,-0.0119818158714448,0.0292287809278096,0.0122531142851818,-0.0024979741933467,0.2643954788337879,-0.2788295816935720,-0.0119348155118739
-0.4828051591284849,-0.0360913498202291,-0.3107876914954031,0.3298837045299318,0.0137406881907847,-0.0139507912163961,-0.0319169958245572,0.0163174209792769,0.0476880117143766,0.3319682847511907,-0.3039753575647480,-0.0149801202751337
-0.4378336598936095,-0.0244277846448100,-0.2808774127907613,0.2956860640216377,0.0118181327740732,-0.0158120708167046,-0.1095522403410087,0.0236319576696803,0.1102372783054791,0.4144794111096564,-0.3318676187596025,-0.0174487885600339
-0.3907770986531163,-0.0139574525903756,-0.2498681818960278,0.2652653009987260,0.0056651235026157,-0.0174383632911810,-0.1980260120085310,0.0354614475377751,0.1798060562167161,0.5040411986082384,-0.3478089728115829,-0.0188618332792315
-0.3420655581767202,-0.0048415968246195,-0.2178979182516756,0.2382376078105655,-0.0039687518178021,-0.0187220214005839,-0.2895443046004537,0.0516018726402338,0.2492728734053493,0.5905773675887713,-0.3489874358007239,-0.0186005197096926
-0.2922088815130039,0.0027820430681173,-0.1851921758806017,0.2142641032479553,-0.0163938615551683,-0.0195819832458836,-0.3793666227249539,0.0712069134599563,0.3145830796547526,0.6714023036867758,-0.3490610897375452,-0.0170394066543057
-0.2418044428698038,0.0088107606454888,-0.1520718893937613,0.1930679167301542,-0.0309875627325484,-0.0199664309695066,-0.4622966703091544,0.0922735649262560,0.3717175438095516,0.7407176961220334,-0.3490656931085965,-0.0145775366824806
-0.1915338529941915,0.0131885859375180,-0.1189504629203801,0.1744406738135817,-0.0471927726385416,-0.0198522178011278,-0.5348385334533364,0.1124415214076224,0.4184620240911236,0.7942577162624519,-0.3490659808192872,-0.0116641389601223
-0.1421519329442235,0.0159160298631033,-0.0863231618358707,0.1582451059998894,-0.0645137318572673,-0.0192419727844542,-0.5953693400280400,0.1297194457235890,0.4543397535388919,0.8301158477194889,-0.3490659988012054,-0.0087038219043675
-0.0944716346231050,0.0170564648415399,-0.0547521772065247,0.1444180509879956,-0.0825123061139186,-0.0181596302059605,-0.6433256773732678,0.1426945809658461,0.4797609735116993,0.8476869101483008,-0.3459210837709046,-0.0059856770712410
-0.0493490831115600,0.0167383490391537,-0.0248512927491468,0.1329767390242922,-0.1008067836223634,-0.0166449956659399,-0.6773332858454040,0.1498575406396794,0.4945905135244907,0.8412338040720683,-0.3118859117682249,-0.0031853727495027
-0.0076731883850870,0.0151530257848568,0.0027255834351431,0.1240306783858098,-0.1190744289966060,-0.0147478656765932,-0.6991592328519391,0.1516888329904856,0.5007475828906742,0.8177541401320115,-0.2714130818281563,-0.0007917428048752
0.0296359017986636,0.0125481814629080,0.0272878778147403,0.1178014005988074,-0.1370588412565232,-0.0125221640864084,-0.7098632864869155,0.1487310921673634,0.4994660274918566,0.7809684223236878,-0.2278042664175045,0.0010266563691454
0.0616158582220092,0.0092170671750859,0.0481002272282927,0.1146525911131224,-0.1545832616036442,-0.0100205497726406,-0.7103901144865885,0.1416878746226401,0.4917885642703484,0.7340487569098003,-0.1832300851383162,0.0023679650804466
0.0872360409543240,0.0054830807610865,0.0643601217337624,0.1151334353455728,-0.1715712081079030,-0.0072900004590748,-0.7018536152211444,0.1314589164207864,0.4787833981385040,0.6803817301685969,-0.1398613826580638,0.0034114495382349
0.1053548694612983,0.0016780165175978,0.0751600563909803,0.1200377521513144,-0.1880758526936188,-0.0043690220856876,-0.6854951399744261,0.1190053900479133,0.4615221586756879,0.6233272708742401,-0.0997472469572065,0.0043660408395941
0.1146620808150923,-0.0018901030409205,0.0794357057349689,0.1304791654639609,-0.2043186048997080,-0.0012874350981406,-0.6625800878602686,0.1052190971445226,0.4410041489838875,0.5658964679615494,-0.0646152305627292,0.0054194069708849
0.1136141537209007,-0.0049874950308350,0.0759085821573015,0.1479745070381247,-0.2207334564717498,0.0019297665891012,-0.6342675291553423,0.0908323513904769,0.4180607698341393,0.5104581687393067,-0.0356782015859387,0.0066981759411620
0.1003892154377763,-0.0075360035861764,0.0630493567935610,0.1745055716380299,-0.2380022910156822,0.0052521746347212,-0.6015091030975321,0.0763901738199771,0.3932898026092379,0.4585879697260907,-0.0135382376672378,0.0082486652174343
0.0729304539896051,-0.0097396069968151,0.0391287625970507,0.2124776593391076,-0.2570391413965264,0.0086243256396951,-0.5650199172974878,0.0622774862861996,0.3670525667964226,0.4111058022736157,0.0017720789372992,0.0100398156287298
0.0292287809278319,-0.0122531142851805,0.0024979741933652,0.2643954788337622,-0.2788295816935609,0.0119348155118723,-0.5253190287860722,0.0487716500830321,0.3395273341131462,0.3682489008908606,0.0106476176534342,0.0119818158714440
-0.0319169958245268,-0.0163174209792745,-0.0476880117143520,0.3319682847511575,-0.3039753575647363,0.0149801202751325,-0.4828051591285036,0.0360913498202343,0.3107876914954157,0.3298837045299473,0.0137406881907846,0.0139507912163953
-0.1095522403409727,-0.0236319576696762,-0.1102372783054504,0.4144794111096185,-0.3318676187595910,0.0174487885600331,-0.4378336598936292,0.0244277846448147,0.2808774127907742,0.2956860640216514,0.0118181327740750,0.0158120708167039
-0.1980260120084920,-0.0354614475377691,-0.1798060562166860,0.5040411986082005,-0.3478089728115814,0.0188618332792312,-0.3907770986531367,0.0139574525903798,0.2498681818960412,0.2652653009987380,0.0056651235026188,0.0174383632911803
-0.2895443046004145,-0.0516018726402259,-0.2492728734053199,0.5905773675887351,-0.3489874358007238,0.0186005197096929,-0.3420655581767414,0.0048415968246231,0.2178979182516896,0.2382376078105766,-0.0039687518177974,0.0187220214005835
-0.3793666227249171,-0.0712069134599475,-0.3145830796547265,0.6714023036867433,-0.3490610897375452,0.0170394066543066,-0.2922088815130248,-0.0027820430681144,0.1851921758806154,0.2142641032479646,-0.0163938615551626,0.0195819832458833
-0.4622966703091204,-0.0922735649262468,-0.3717175438095288,0.7407176961220061,-0.3490656931085965,0.0145775366824818,-0.2418044428698256,-0.0088107606454865,0.1520718893937756,0.1930679167301627,-0.0309875627325418,0.0199664309695066
-0.5348385334533082,-0.1124415214076143,-0.4184620240911060,0.7942577162624331,-0.3490659808192872,0.0116641389601236,-0.1915338529942131,-0.0131885859375165,0.1189504629203943,0.1744406738135892,-0.0471927726385340,0.0198522178011280
-0.5953693400280170,-0.1297194457235825,-0.4543397535388789,0.8301158477194773,-0.3490659988012055,0.0087038219043688,-0.1421519329442439,-0.0159160298631026,0.0863231618358841,0.1582451059998958,-0.0645137318572602,0.0192419727844546
-0.6433256773732502,-0.1426945809658416,-0.4797609735116907,0.8476869101482981,-0.3459210837709160,0.0059856770712419,-0.0944716346231251,-0.0170564648415397,0.0547521772065379,0.1444180509880012,-0.0825123061139106,0.0181596302059611
-0.6773332858453924,-0.1498575406396775,-0.4945905135244865,0.8412338040720747,-0.3118859117682411,0.0031853727495039,-0.0493490831115782,-0.0167383490391541,0.0248512927491589,0.1329767390242964,-0.1008067836223559,0.0166449956659407
-0.6991592328519323,-0.1516888329904859,-0.5007475828906733,0.8177541401320245,-0.2714130818281748,0.0007917428048760,-0.0076731883851041,-0.0151530257848577,-0.0027255834351318,0.1240306783858131,-0.1190744289965983,0.0147478656765941
-0.7098632864869131,-0.1487310921673655,-0.4994660274918585,0.7809684223237061,-0.2278042664175237,-0.0010266563691448,0.0296359017986487,-0.0125481814629092,-0.0272878778147305,0.1178014005988093,-0.1370588412565152,0.0125221640864093
-0.7103901144865901,-0.1416878746226437,-0.4917885642703527,0.7340487569098213,-0.1832300851383349,-0.0023679650804462,0.0616158582219970,-0.0092170671750874,-0.0481002272282842,0.1146525911131229,-0.1545832616036366,0.0100205497726432
-0.7018536152211498,-0.1314589164207914,-0.4787833981385107,0.6803817301686215,-0.1398613826580820,-0.0034114495382345,0.0872360409543145,-0.0054830807610882,-0.0643601217337565,0.1151334353455718,-0.1715712081078959,0.0072900004590761
-0.6854951399744348,-0.1190053900479190,-0.4615221586756960,0.6233272708742651,-0.0997472469572229,-0.0043660408395936,0.1053548694612923,-0.0016780165175994,-0.0751600563909770,0.1200377521513111,-0.1880758526936117,0.0043690220856888
-0.6625800878602801,-0.1052190971445289,-0.4410041489838971,0.5658964679615743,-0.0646152305627434,-0.0054194069708843,0.1146620808150906,0.0018901030409191,-0.0794357057349688,0.1304791654639548,-0.2043186048997011,0.0012874350981421
-0.6342675291553551,-0.0908323513904831,-0.4180607698341495,0.5104581687393296,-0.0356782015859497,-0.0066981759411614,0.1136141537209036,0.0049874950308338,-0.0759085821573050,0.1479745070381153,-0.2207334564717429,-0.0019297665890999
-0.6015091030975467,-0.0763901738199831,-0.3932898026092486,0.4585879697261116,-0.0135382376672456,-0.0082486652174336,0.1003892154377848,0.0075360035861755,-0.0630493567935685,0.1745055716380164,-0.2380022910156737,-0.0052521746347196
-0.5650199172975034,-0.0622774862862053,-0.3670525667964336,0.4111058022736341,0.0017720789372944,-0.0100398156287290,0.0729304539896201,0.0097396069968142,-0.0391287625970634,0.2124776593390887,-0.2570391413965179,-0.0086243256396936
-0.5253190287860902,-0.0487716500830378,-0.3395273341131586,0.3682489008908785,0.0106476176534316,-0.0119818158714431,0.0292287809278539,0.0122531142851793,-0.0024979741933834,0.2643954788337375,-0.2788295816935514,-0.0119348155118709
-0.4828051591285219,-0.0360913498202394,-0.3107876914954279,0.3298837045299623,0.0137406881907845,-0.0139507912163944,-0.0319169958244980,0.0163174209792723,0.0476880117143285,0.3319682847511264,-0.3039753575647253,-0.0149801202751313
-0.4378336598936486,-0.0244277846448194,-0.2808774127907872,0.2956860640216650,0.0118181327740769,-0.0158120708167031,-0.1095522403409371,0.0236319576696722,0.1102372783054220,0.4144794111095815,-0.3318676187595788,-0.0174487885600322
-0.3907770986531567,-0.0139574525903839,-0.2498681818960544,0.2652653009987502,0.0056651235026224,-0.0174383632911797,-0.1980260120084547,0.0354614475377634,0.1798060562166572,0.5040411986081641,-0.3478089728115799,-0.0188618332792311
-0.3420655581767615,-0.0048415968246265,-0.2178979182517027,0.2382376078105869,-0.0039687518177929,-0.0187220214005830,-0.2895443046003763,0.0516018726402184,0.2492728734052915,0.5905773675886995,-0.3489874358007237,-0.0186005197096934
-0.2922088815130465,0.0027820430681114,-0.1851921758806298,0.2142641032479743,-0.0163938615551566,-0.0195819832458830,-0.3793666227248798,0.0712069134599387,0.3145830796547002,0.6714023036867111,-0.3490610897375452,-0.0170394066543075
-0.2418044428698468,0.0088107606454844,-0.1520718893937896,0.1930679167301712,-0.0309875627325352,-0.0199664309695066,-0.4622966703090881,0.0922735649262381,0.3717175438095072,0.7407176961219805,-0.3490656931085965,-0.0145775366824828
-0.1915338529942339,0.0131885859375150,-0.1189504629204087,0.1744406738135967,-0.0471927726385301,-0.0198522178011290,-0.5348385334532803,0.1124415214076063,0.4184620240910887,0.7942577162624145,-0.3490659808192872,-0.0116641389601248
-0.1421519329442645,0.0159160298631017,-0.0863231618358977,0.1582451059999023,-0.0645137318572525,-0.0192419727844549,-0.5953693400279942,0.1297194457235761,0.4543397535388660,0.8301158477194660,-0.3490659988012055,-0.0087038219043699
-0.0944716346231441,0.0170564648415395,-0.0547521772065505,0.1444180509880063,-0.0825123061139030,-0.0181596302059614,-0.6433256773732333,0.1426945809658375,0.4797609735116826,0.8476869101482960,-0.3459210837709270,-0.0059856770712429
-0.0493490831115959,0.0167383490391546,-0.0248512927491706,0.1329767390243007,-0.1008067836223503,-0.0166449956659423,-0.6773332858453809,0.1498575406396756,0.4945905135244822,0.8412338040720808,-0.3118859117682568,-0.0031853727495050
-0.0076731883851208,0.0151530257848586,0.0027255834351208,0.1240306783858164,-0.1190744289965908,-0.0147478656765950,-0.6991592328519256,0.1516888329904862,0.5007475828906723,0.8177541401320376,-0.2714130818281924,-0.0007917428048770
0.0296359017986341,0.0125481814629105,0.0272878778147211,0.1178014005988114,-0.1370588412565077,-0.0125221640864114,-0.7098632864869104,0.1487310921673676,0.4994660274918604,0.7809684223237234,-0.2278042664175420,0.0010266563691441
0.0616158582219849,0.0092170671750890,0.0481002272282770,0.1146525911131236,-0.1545832616036298,-0.0100205497726429,-0.7103901144865920,0.1416878746226475,0.4917885642703572,0.7340487569098429,-0.1832300851383534,0.0023679650804456
0.0872360409543056,0.0054830807610898,0.0643601217337509,0.1151334353455706,-0.1715712081078890,-0.0072900004590772,-0.7018536152211549,0.1314589164207961,0.4787833981385171,0.6803817301686438,-0.1398613826580997,0.0034114495382342
0.1053548694612866,0.0016780165176010,0.0751600563909739,0.1200377521513081,-0.1880758526936057,-0.0043690220856899,-0.6854951399744428,0.1190053900479247,0.4615221586757046,0.6233272708742887,-0.0997472469572403,0.0043660408395935
0.1146620808150886,-0.0018901030409177,0.0794357057349684,0.1304791654639491,-0.2043186048996943,-0.0012874350981433,-0.6625800878602908,0.1052190971445348,0.4410041489839062,0.5658964679615981,-0.0646152305627568,0.0054194069708838
0.1136141537209065,-0.0049874950308327,0.0759085821573081,0.1479745070381059,-0.2207334564717349,0.0019297665890986,-0.6342675291553685,0.0908323513904893,0.4180607698341598,0.5104581687393529,-0.0356782015859606,0.0066981759411607
0.1003892154377931,-0.0075360035861745,0.0630493567935762,0.1745055716380032,-0.2380022910156673,0.0052521746347184,-0.6015091030975613,0.0763901738199892,0.3932898026092594,0.4585879697261326,-0.0135382376672535,0.0082486652174328
0.0729304539896346,-0.0097396069968132,0.0391287625970759,0.2124776593390701,-0.2570391413965094,0.0086243256396922,-0.5650199172975199,0.0622774862862111,0.3670525667964452,0.4111058022736538,0.0017720789372890,0.0100398156287282
0.0292287809278758,-0.0122531142851780,0.0024979741934015,0.2643954788337123,-0.2788295816935416,0.0119348155118695,-0.5253190287861066,0.0487716500830431,0.3395273341131697,0.3682489008908945,0.0106476176534294,0.0119818158714423
-0.0319169958244682,-0.0163174209792700,-0.0476880117143043,0.3319682847510945,-0.3039753575647139,0.0149801202751301,-0.4828051591285409,0.0360913498202446,0.3107876914954407,0.3298837045299781,0.0137406881907840,0.0139507912163937
-0.1095522403409007,-0.0236319576696682,-0.1102372783053931,0.4144794111095434,-0.3318676187595666,0.0174487885600313,-0.4378336598936686,0.0244277846448242,0.2808774127908004,0.2956860640216792,0.0118181327740786,0.0158120708167024
-0.1980260120084159,-0.0354614475377574,-0.1798060562166273,0.5040411986081268,-0.3478089728115784,0.0188618332792307,-0.3907770986531770,0.0139574525903881,0.2498681818960678,0.2652653009987622,0.0056651235026259,0.0174383632911790
-0.2895443046003376,-0.0516018726402108,-0.2492728734052627,0.5905773675886642,-0.3489874358007237,0.0186005197096937,-0.3420655581767829,0.0048415968246301,0.2178979182517168,0.2382376078105978,-0.0039687518177878,0.0187220214005826
-0.3793666227248435,-0.0712069134599300,-0.3145830796546745,0.6714023036866786,-0.3490610897375452,0.0170394066543084,-0.2922088815130669,-0.0027820430681087,0.1851921758806432,0.2142641032479834,-0.0163938615551513,0.0195819832458828
-0.4622966703090546,-0.0922735649262292,-0.3717175438094851,0.7407176961219539,-0.3490656931085965,0.0145775366824841,-0.2418044428698686,-0.0088107606454821,0.1520718893938040,0.1930679167301799,-0.0309875627325298,0.0199664309695067
-0.5348385334532515,-0.1124415214075982,-0.4184620240910709,0.7942577162623951,-0.3490659808192872,0.0116641389601261,-0.1915338529942555,-0.0131885859375135,0.1189504629204223,0.1744406738136041,-0.0471927726385200,0.0198522178011284
-0.5953693400279708,-0.1297194457235695,-0.4543397535388529,0.8301158477194543,-0.3490659988012055,0.0087038219043711,-0.1421519329442854,-0.0159160298631009,0.0863231618359114,0.1582451059999085,-0.0645137318572423,0.0192419727844544
-0.6433256773732159,-0.1426945809658331,-0.4797609735116740,0.8476869101482937,-0.3459210837709386,0.0059856770712441,-0.0944716346231641,-0.0170564648415393,0.0547521772065643,0.1444180509880116,-0.0825123061138949,0.0181596302059622
-0.6773332858453691,-0.1498575406396738,-0.4945905135244778,0.8412338040720879,-0.3118859117682732,0.0031853727495063,-0.0493490831116147,-0.0167383490391550,0.0248512927491831,0.1329767390243051,-0.1008067836223416,0.0166449956659426
-0.6991592328519182,-0.1516888329904863,-0.5007475828906711,0.8177541401320499,-0.2714130818282102,0.0007917428048778,-0.0076731883851377,-0.0151530257848596,-0.0027255834351096,0.1240306783858196,-0.1190744289965830,0.0147478656765959
-0.7098632864869083,-0.1487310921673699,-0.4994660274918625,0.7809684223237419,-0.2278042664175612,-0.0010266563691434,0.0296359017986190,-0.0125481814629118,-0.0272878778147111,0.1178014005988135,-0.1370588412565001,0.0125221640864114
-0.7103901144865936,-0.1416878746226511,-0.4917885642703616,0.7340487569098643,-0.1832300851383722,-0.0023679650804452,0.0616158582219724,-0.0092170671750905,-0.0481002272282690,0.1146525911131243,-0.1545832616036224,0.0100205497726440
-0.7018536152211604,-0.1314589164208011,-0.4787833981385238,0.6803817301686681,-0.1398613826581178,-0.0034114495382338,0.0872360409542960,-0.0054830807610914,-0.0643601217337450,0.1151334353455696,-0.1715712081078818,0.0072900004590784
-0.6854951399744512,-0.1190053900479301,-0.4615221586757119,0.6233272708743131,-0.0997472469572545,-0.0043660408395928,0.1053548694612806,-0.0016780165176026,-0.0751600563909705,0.1200377521513049,-0.1880758526935980,0.0043690220856914
-0.6625800878603012,-0.1052190971445406,-0.4410041489839151,0.5658964679616210,-0.0646152305627698,-0.0054194069708833,0.1146620808150868,0.0018901030409163,-0.0794357057349682,0.1304791654639437,-0.2043186048996876,0.0012874350981446
-0.6342675291553813,-0.0908323513904954,-0.4180607698341698,0.5104581687393753,-0.0356782015859713,-0.0066981759411602,0.1136141537209094,0.0049874950308314,-0.0759085821573116,0.1479745070380970,-0.2207334564717288,-0.0019297665890972
-0.6015091030975761,-0.0763901738199953,-0.3932898026092703,0.4585879697261539,-0.0135382376672615,-0.0082486652174321,0.1003892154378016,0.0075360035861735,-0.0630493567935839,0.1745055716379895,-0.2380022910156594,-0.0052521746347170
-0.5650199172975359,-0.0622774862862170,-0.3670525667964565,0.4111058022736725,0.0017720789372841,-0.0100398156287274,0.0729304539896498,0.0097396069968123,-0.0391287625970888,0.2124776593390511,-0.2570391413965000,-0.0086243256396905
-0.5253190287861246,-0.0487716500830488,-0.3395273341131820,0.3682489008909122,0.0106476176534268,-0.0119818158714415,0.0292287809278980,0.0122531142851767,-0.0024979741934199,0.2643954788336873,-0.2788295816935317,-0.0119348155118682
-0.4828051591285584,-0.0360913498202495,-0.3107876914954523,0.3298837045299924,0.0137406881907841,-0.0139507912163929,-0.0319169958244390,0.0163174209792677,0.0476880117142804,0.3319682847510625,-0.3039753575647027,-0.0149801202751289
-0.4378336598936884,-0.0244277846448290,-0.2808774127908134,0.2956860640216928,0.0118181327740806,-0.0158120708167015,-0.1095522403408643,0.0236319576696641,0.1102372783053639,0.4144794111095053,-0.3318676187595543,-0.0174487885600305
-0.3907770986531978,-0.0139574525903923,-0.2498681818960814,0.2652653009987747,0.0056651235026292,-0.0174383632911785,-0.1980260120083771,0.0354614475377514,0.1798060562165971,0.5040411986080890,-0.3478089728115769,-0.0188618332792305
-0.3420655581768040,-0.0048415968246337,-0.2178979182517307,0.2382376078106088,-0.0039687518177831,-0.0187220214005821,-0.2895443046002984,0.0516018726402030,0.2492728734052334,0.5905773675886283,-0.3489874358007235,-0.0186005197096942
-0.2922088815130888,0.0027820430681058,-0.1851921758806572,0.2142641032479935,-0.0163938615551454,-0.0195819832458825,-0.3793666227248065,0.0712069134599212,0.3145830796546484,0.6714023036866471,-0.3490610897375452,-0.0170394066543092
-0.2418044428698889,0.0088107606454800,-0.1520718893938174,0.1930679167301877,-0.0309875627325226,-0.0199664309695065,-0.4622966703090218,0.0922735649262203,0.3717175438094631,0.7407176961219276,-0.3490656931085965,-0.0145775366824852
-0.1915338529942771,0.0131885859375119,-0.1189504629204366,0.1744406738136116,-0.0471927726385126,-0.0198522178011285,-0.5348385334532227,0.1124415214075900,0.4184620240910533,0.7942577162623760,-0.3490659808192872,-0.0116641389601273
-0.1421519329443063,0.0159160298631000,-0.0863231618359251,0.1582451059999148,-0.0645137318572346,-0.0192419727844548,-0.5953693400279474,0.1297194457235628,0.4543397535388398,0.8301158477194427,-0.3490659988012054,-0.0087038219043723
-0.0944716346231843,0.0170564648415392,-0.0547521772065771,0.1444180509880173,-0.0825123061138876,-0.0181596302059628,-0.6433256773731987,0.1426945809658289,0.4797609735116657,0.8476869101482919,-0.3459210837709502,-0.0059856770712451
-0.0493490831116335,0.0167383490391554,-0.0248512927491956,0.1329767390243095,-0.1008067836223331,-0.0166449956659433,-0.6773332858453570,0.1498575406396719,0.4945905135244733,0.8412338040720946,-0.3118859117682893,-0.0031853727495073
-0.0076731883851540,0.0151530257848604,0.0027255834350989,0.1240306783858228,-0.1190744289965760,-0.0147478656765967,-0.6991592328519121,0.1516888329904867,0.5007475828906706,0.8177541401320633,-0.2714130818282285,-0.0007917428048788
0.0296359017986041,0.0125481814629131,0.0272878778147015,0.1178014005988154,-0.1370588412564923,-0.0125221640864135,-0.7098632864869061,0.1487310921673721,0.4994660274918646,0.7809684223237602,-0.2278042664175805,0.0010266563691427
0.0616158582219599,0.0092170671750921,0.0481002272282610,0.1146525911131248,-0.1545832616036149,-0.0100205497726452,-0.7103901144865956,0.1416878746226551,0.4917885642703662,0.7340487569098868,-0.1832300851383916,0.0023679650804447
0.0872360409542866,0.0054830807610931,0.0643601217337392,0.1151334353455684,-0.1715712081078745,-0.0072900004590796,-0.7018536152211658,0.1314589164208061,0.4787833981385306,0.6803817301686923,-0.1398613826581359,0.0034114495382334
0.1053548694612746,0.0016780165176042,0.0751600563909672,0.1200377521513017,-0.1880758526935911,-0.0043690220856926,-0.6854951399744598,0.1190053900479358,0.4615221586757200,0.6233272708743379,-0.0997472469572708,0.0043660408395923
0.1146620808150849,-0.0018901030409148,0.0794357057349679,0.1304791654639377,-0.2043186048996807,-0.0012874350981460,-0.6625800878603123,0.1052190971445466,0.4410041489839245,0.5658964679616455,-0.0646152305627838,0.0054194069708829
0.1136141537209123,-0.0049874950308303,0.0759085821573150,0.1479745070380876,-0.2207334564717215,0.0019297665890958,-0.6342675291553949,0.0908323513905017,0.4180607698341803,0.5104581687393990,-0.0356782015859825,0.0066981759411596
0.1003892154378102,-0.0075360035861726,0.0630493567935915,0.1745055716379758,-0.2380022910156507,0.0052521746347153,-0.6015091030975911,0.0763901738200014,0.3932898026092811,0.4585879697261752,-0.0135382376672695,0.0082486652174314
0.0729304539896649,-0.0097396069968114,0.0391287625971019,0.2124776593390320,-0.2570391413964917,0.0086243256396891,-0.5650199172975525,0.0622774862862230,0.3670525667964681,0.4111058022736923,0.0017720789372788,0.0100398156287266
0.0292287809279204,-0.0122531142851754,0.0024979741934386,0.2643954788336617,-0.2788295816935214,0.0119348155118668,-0.5253190287861421,0.0487716500830544,0.3395273341131941,0.3682489008909295,0.0106476176534243,0.0119818158714406
-0.0319169958244092,-0.0163174209792653,-0.0476880117142560,0.3319682847510304,-0.3039753575646912,0.0149801202751277,-0.4828051591285776,0.0360913498202549,0.3107876914954652,0.3298837045300083,0.0137406881907839,0.0139507912163921
-0.1095522403408288,-0.0236319576696602,-0.1102372783053357,0.4144794111094678,-0.3318676187595418,0.0174487885600295,-0.4378336598937068,0.0244277846448334,0.2808774127908256,0.2956860640217056,0.0118181327740822,0.0158120708167010
-0.1980260120083380,-0.0354614475377453,-0.1798060562165669,0.5040411986080513,-0.3478089728115754,0.0188618332792303,-0.3907770986532185,0.0139574525903965,0.2498681818960949,0.2652653009987869,0.0056651235026329,0.0174383632911778
-0.2895443046002590,-0.0516018726401952,-0.2492728734052043,0.5905773675885917,-0.3489874358007234,0.0186005197096946,-0.3420655581768254,0.0048415968246373,0.2178979182517446,0.2382376078106198,-0.0039687518177782,0.0187220214005817
-0.3793666227247690,-0.0712069134599124,-0.3145830796546221,0.6714023036866142,-0.3490610897375452,0.0170394066543101,-0.2922088815131103,-0.0027820430681028,0.1851921758806717,0.2142641032480029,-0.0163938615551393,0.0195819832458823
-0.4622966703089889,-0.0922735649262115,-0.3717175438094411,0.7407176961219022,-0.3490656931085965,0.0145775366824864,-0.2418044428699110,-0.0088107606454777,0.1520718893938318,0.1930679167301966,-0.0309875627325156,0.0199664309695063
-0.5348385334531952,-0.1124415214075820,-0.4184620240910359,0.7942577162623571,-0.3490659808192872,0.0116641389601286,-0.1915338529942972,-0.0131885859375105,0.1189504629204498,0.1744406738136184,-0.0471927726385061,0.0198522178011287
-0.5953693400279239,-0.1297194457235563,-0.4543397535388268,0.8301158477194310,-0.3490659988012054,0.0087038219043736,-0.1421519329443273,-0.0159160298630992,0.0863231618359390,0.1582451059999212,-0.0645137318572267,0.0192419727844551
-0.6433256773731811,-0.1426945809658245,-0.4797609735116573,0.8476869101482899,-0.3459210837709623,0.0059856770712462,-0.0944716346232042,-0.0170564648415390,0.0547521772065910,0.1444180509880226,-0.0825123061138793,0.0181596302059633
-0.6773332858453451,-0.1498575406396699,-0.4945905135244688,0.8412338040721011,-0.3118859117683054,0.0031853727495084,-0.0493490831116522,-0.0167383490391558,0.0248512927492080,0.1329767390243138,-0.1008067836223253,0.0166449956659441
-0.6991592328519051,-0.1516888329904870,-0.5007475828906695,0.8177541401320764,-0.2714130818282461,0.0007917428048797,-0.0076731883851711,-0.0151530257848614,-0.0027255834350876,0.1240306783858261,-0.1190744289965677,0.0147478656765976
-0.7098632864869039,-0.1487310921673743,-0.4994660274918664,0.7809684223237777,-0.2278042664175992,-0.0010266563691421,0.0296359017985899,-0.0125481814629144,-0.0272878778146920,0.1178014005988175,-0.1370588412564856,0.0125221640864133
-0.7103901144865974,-0.1416878746226588,-0.4917885642703708,0.7340487569099087,-0.1832300851384106,-0.0023679650804441,0.0616158582219474,-0.0092170671750936,-0.0481002272282529,0.1146525911131254,-0.1545832616036074,0.0100205497726462
-0.7018536152211712,-0.1314589164208110,-0.4787833981385372,0.6803817301687162,-0.1398613826581538,-0.0034114495382330,0.0872360409542770,-0.0054830807610946,-0.0643601217337332,0.1151334353455674,-0.1715712081078675,0.0072900004590808
-0.6854951399744680,-0.1190053900479417,-0.4615221586757291,0.6233272708743628,-0.0997472469572888,-0.0043660408395923,0.1053548694612686,-0.0016780165176057,-0.0751600563909639,0.1200377521512985,-0.1880758526935841,0.0043690220856939
-0.6625800878603232,-0.1052190971445527,-0.4410041489839338,0.5658964679616697,-0.0646152305627975,-0.0054194069708824,0.1146620808150830,0.0018901030409134,-0.0794357057349677,0.1304791654639317,-0.2043186048996734,0.0012874350981473
-0.6342675291554071,-0.0908323513905076,-0.4180607698341900,0.5104581687394206,-0.0356782015859929,-0.0066981759411590,0.1136141537209152,0.0049874950308291,-0.0759085821573184,0.1479745070380786,-0.2207334564717145,-0.0019297665890944
-0.6015091030976059,-0.0763901738200077,-0.3932898026092922,0.4585879697261967,-0.0135382376672776,-0.0082486652174307,0.1003892154378188,0.0075360035861715,-0.0630493567935995,0.1745055716379622,-0.2380022910156440,-0.0052521746347141
-0.5650199172975690,-0.0622774862862290,-0.3670525667964797,0.4111058022737116,0.0017720789372738,-0.0100398156287258,0.0729304539896801,0.0097396069968104,-0.0391287625971146,0.2124776593390128,-0.2570391413964833,-0.0086243256396879
-0.5253190287861599,-0.0487716500830601,-0.3395273341132062,0.3682489008909471,0.0106476176534217,-0.0119818158714397,0.0292287809279431,0.0122531142851741,-0.0024979741934573,0.2643954788336359,-0.2788295816935114,-0.0119348155118654
-0.4828051591285971,-0.0360913498202603,-0.3107876914954782,0.3298837045300249,0.0137406881907832,-0.0139507912163912,-0.0319169958243793,0.0163174209792631,0.0476880117142318,0.3319682847509983,-0.3039753575646797,-0.0149801202751265
-0.4378336598937289,-0.0244277846448386,-0.2808774127908400,0.2956860640217221,0.0118181327740835,-0.0158120708167001,-0.1095522403407925,0.0236319576696560,0.1102372783053067,0.4144794111094299,-0.3318676187595297,-0.0174487885600287
-0.3907770986532407,-0.0139574525904011,-0.2498681818961096,0.2652653009988014,0.0056651235026355,-0.0174383632911771,-0.1980260120082990,0.0354614475377392,0.1798060562165368,0.5040411986080134,-0.3478089728115739,-0.0188618332792301
-0.3420655581768476,-0.0048415968246412,-0.2178979182517592,0.2382376078106320,-0.0039687518177739,-0.0187220214005810,-0.2895443046002196,0.0516018726401875,0.2492728734051751,0.5905773675885553,-0.3489874358007233,-0.0186005197096951
-0.2922088815131319,0.0027820430680999,-0.1851921758806857,0.2142641032480126,-0.0163938615551334,-0.0195819832458819,-0.3793666227247314,0.0712069134599034,0.3145830796545954,0.6714023036865813,-0.3490610897375452,-0.0170394066543111
-0.2418044428699336,0.0088107606454754,-0.1520718893938465,0.1930679167302062,-0.0309875627325094,-0.0199664309695063,-0.4622966703089553,0.0922735649262025,0.3717175438094187,0.7407176961218753,-0.3490656931085965,-0.0145775366824876
-0.1915338529943207,0.0131885859375088,-0.1189504629204658,0.1744406738136283,-0.0471927726385021,-0.0198522178011297,-0.5348385334531669,0.1124415214075740,0.4184620240910185,0.7942577162623382,-0.3490659808192872,-0.0116641389601298
-0.1421519329443477,0.0159160298630984,-0.0863231618359523,0.1582451059999281,-0.0645137318572204,-0.0192419727844555,-0.5953693400279018,0.1297194457235501,0.4543397535388143,0.8301158477194202,-0.3490659988012054,-0.0087038219043749
-0.0944716346232251,0.0170564648415388,-0.0547521772066041,0.1444180509880290,-0.0825123061138722,-0.0181596302059638,-0.6433256773731639,0.1426945809658204,0.4797609735116489,0.8476869101482879,-0.3459210837709741,-0.0059856770712473
-0.0493490831116709,0.0167383490391562,-0.0248512927492203,0.1329767390243181,-0.1008067836223165,-0.0166449956659443,-0.6773332858453334,0.1498575406396681,0.4945905135244645,0.8412338040721079,-0.3118859117683217,-0.0031853727495097
-0.0076731883851889,0.0151530257848623,0.0027255834350758,0.1240306783858303,-0.1190744289965604,-0.0147478656765985,-0.6991592328518981,0.1516888329904872,0.5007475828906683,0.8177541401320892,-0.2714130818282643,-0.0007917428048805
0.0296359017985737,0.0125481814629157,0.0272878778146813,0.1178014005988209,-0.1370588412564779,-0.0125221640864144,-0.7098632864869016,0.1487310921673765,0.4994660274918684,0.7809684223237962,-0.2278042664176179,0.0010266563691415
0.0616158582219351,0.0092170671750951,0.0481002272282443,0.1146525911131266,-0.1545832616036004,-0.0100205497726488,-0.7103901144865992,0.1416878746226625,0.4917885642703751,0.7340487569099297,-0.1832300851384291,0.0023679650804436
0.0872360409542671,0.0054830807610964,0.0643601217337270,0.1151334353455669,-0.1715712081078604,-0.0072900004590821,-0.7018536152211766,0.1314589164208159,0.4787833981385435,0.6803817301687400,-0.1398613826581720,0.0034114495382326
0.1053548694612626,0.0016780165176074,0.0751600563909606,0.1200377521512952,-0.1880758526935769,-0.0043690220856952,-0.6854951399744768,0.1190053900479472,0.4615221586757364,0.6233272708743877,-0.0997472469573034,0.0043660408395915
0.1146620808150809,-0.0018901030409120,0.0794357057349672,0.1304791654639262,-0.2043186048996668,-0.0012874350981487,-0.6625800878603344,0.1052190971445588,0.4410041489839432,0.5658964679616943,-0.0646152305628115,0.0054194069708819
0.1136141537209182,-0.0049874950308279,0.0759085821573218,0.1479745070380693,-0.2207334564717075,0.0019297665890930,-0.6342675291554204,0.0908323513905139,0.4180607698342004,0.5104581687394439,-0.0356782015860039,0.0066981759411584
0.1003892154378276,-0.0075360035861706,0.0630493567936074,0.1745055716379484,-0.2380022910156362,0.0052521746347127,-0.6015091030976198,0.0763901738200134,0.3932898026093025,0.4585879697262167,-0.0135382376672851,0.0082486652174300
0.0729304539896959,-0.0097396069968095,0.0391287625971279,0.2124776593389930,-0.2570391413964743,0.0086243256396865,-0.5650199172975853,0.0622774862862349,0.3670525667964912,0.4111058022737312,0.0017720789372685,0.0100398156287249
0.0292287809279656,-0.0122531142851728,0.0024979741934760,0.2643954788336104,-0.2788295816935015,0.0119348155118641,-0.5253190287861784,0.0487716500830659,0.3395273341132188,0.3682489008909655,0.0106476176534189,0.0119818158714388
-0.0319169958243482,-0.0163174209792606,-0.0476880117142066,0.3319682847509643,-0.3039753575646675,0.0149801202751252,-0.4828051591286153,0.0360913498202654,0.3107876914954906,0.3298837045300396,0.0137406881907835,0.0139507912163904
-0.1095522403407540,-0.0236319576696518,-0.1102372783052760,0.4144794111093893,-0.3318676187595164,0.0174487885600278,-0.4378336598937478,0.0244277846448433,0.2808774127908528,0.2956860640217351,0.0118181327740853,0.0158120708166993
-0.1980260120082570,-0.0354614475377327,-0.1798060562165043,0.5040411986079719,-0.3478089728115721,0.0188618332792299,-0.3907770986532606,0.0139574525904051,0.2498681818961225,0.2652653009988126,0.0056651235026394,0.0174383632911764
-0.2895443046001815,-0.0516018726401798,-0.2492728734051465,0.5905773675885200,-0.3489874358007232,0.0186005197096954,-0.3420655581768677,0.0048415968246446,0.2178979182517723,0.2382376078106422,-0.0039687518177692,0.0187220214005806
-0.3793666227246941,-0.0712069134598945,-0.3145830796545688,0.6714023036865490,-0.3490610897375452,0.0170394066543119,-0.2922088815131544,-0.0027820430680968,0.1851921758807004,0.2142641032480234,-0.0163938615551280,0.0195819832458817
-0.4622966703089209,-0.0922735649261932,-0.3717175438093958,0.7407176961218467,-0.3490656931085965,0.0145775366824889,-0.2418044428699538,-0.0088107606454733,0.1520718893938598,0.1930679167302137,-0.0309875627325036,0.0199664309695062
-0.5348385334531361,-0.1124415214075652,-0.4184620240909994,0.7942577162623164,-0.3490659808192872,0.0116641389601312,-0.1915338529943412,-0.0131885859375074,0.1189504629204789,0.1744406738136345,-0.0471927726384916,0.0198522178011290
-0.5953693400278759,-0.1297194457235427,-0.4543397535387996,0.8301158477194065,-0.3490659988012055,0.0087038219043762,-0.1421519329443700,-0.0159160298630975,0.0863231618359672,0.1582451059999351,-0.0645137318572119,0.0192419727844560
-0.6433256773731469,-0.1426945809658161,-0.4797609735116405,0.8476869101482852,-0.3459210837709850,0.0059856770712482,-0.0944716346232441,-0.0170564648415386,0.0547521772066173,0.1444180509880341,-0.0825123061138644,0.0181596302059644
-0.6773332858453215,-0.1498575406396662,-0.4945905135244602,0.8412338040721152,-0.3118859117683383,0.0031853727495107,-0.0493490831116905,-0.0167383490391566,0.0248512927492332,0.1329767390243234,-0.1008067836223090,0.0166449956659451
-0.6991592328518912,-0.1516888329904874,-0.5007475828906673,0.8177541401321017,-0.2714130818282823,0.0007917428048815,-0.0076731883852048,-0.0151530257848631,-0.0027255834350653,0.1240306783858332,-0.1190744289965536,0.0147478656765993
-0.7098632864868989,-0.1487310921673786,-0.4994660274918701,0.7809684223238136,-0.2278042664176368,-0.0010266563691407,0.0296359017985593,-0.0125481814629170,-0.0272878778146719,0.1178014005988222,-0.1370588412564701,0.0125221640864154
-0.7103901144866007,-0.1416878746226663,-0.4917885642703796,0.7340487569099521,-0.1832300851384482,-0.0023679650804431,0.0616158582219219,-0.0092170671750967,-0.0481002272282364,0.1146525911131273,-0.1545832616035928,0.0100205497726485
-0.7018536152211816,-0.1314589164208206,-0.4787833981385499,0.6803817301687628,-0.1398613826581889,-0.0034114495382321,0.0872360409542581,-0.0054830807610979,-0.0643601217337215,0.1151334353455659,-0.1715712081078537,0.0072900004590832
-0.6854951399744853,-0.1190053900479528,-0.4615221586757446,0.6233272708744125,-0.0997472469573197,-0.0043660408395911,0.1053548694612563,-0.0016780165176090,-0.0751600563909570,0.1200377521512923,-0.1880758526935701,0.0043690220856966
-0.6625800878603458,-0.1052190971445649,-0.4410041489839527,0.5658964679617188,-0.0646152305628254,-0.0054194069708815,0.1146620808150792,0.0018901030409106,-0.0794357057349671,0.1304791654639205,-0.2043186048996601,0.0012874350981500
-0.6342675291554346,-0.0908323513905204,-0.4180607698342112,0.5104581687394683,-0.0356782015860153,-0.0066981759411578,0.1136141537209211,0.0049874950308266,-0.0759085821573252,0.1479745070380600,-0.2207334564717003,-0.0019297665890916
-0.6015091030976371,-0.0763901738200203,-0.3932898026093150,0.4585879697262409,-0.0135382376672943,-0.0082486652174292,0.1003892154378364,0.0075360035861696,-0.0630493567936153,0.1745055716379345,-0.2380022910156285,-0.0052521746347112
-0.5650199172976008,-0.0622774862862406,-0.3670525667965023,0.4111058022737495,0.0017720789372637,-0.0100398156287242,0.0729304539897103,0.0097396069968086,-0.0391287625971401,0.2124776593389747,-0.2570391413964660,-0.0086243256396851
-0.5253190287861956,-0.0487716500830715,-0.3395273341132306,0.3682489008909823,0.0106476176534166,-0.0119818158714380,0.0292287809279888,0.0122531142851715,-0.0024979741934950,0.2643954788335839,-0.2788295816934903,-0.0119348155118625
-0.4828051591286345,-0.0360913498202706,-0.3107876914955032,0.3298837045300561,0.0137406881907825,-0.0139507912163896,-0.0319169958243186,0.0163174209792584,0.0476880117141826,0.3319682847509319,-0.3039753575646562,-0.0149801202751240
-0.4378336598937683,-0.0244277846448481,-0.2808774127908661,0.2956860640217496,0.0118181327740869,-0.0158120708166986,-0.1095522403407188,0.0236319576696478,0.1102372783052479,0.4144794111093523,-0.3318676187595044,-0.0174487885600270
-0.3907770986532824,-0.0139574525904096,-0.2498681818961369,0.2652653009988264,0.0056651235026418,-0.0174383632911758,-0.1980260120082194,0.0354614475377269,0.1798060562164753,0.5040411986079356,-0.3478089728115706,-0.0188618332792297
-0.3420655581768880,-0.0048415968246480,-0.2178979182517856,0.2382376078106519,-0.0039687518177640,-0.0187220214005802,-0.2895443046001409,0.0516018726401719,0.2492728734051164,0.5905773675884818,-0.3489874358007231,-0.0186005197096959
-0.2922088815131754,0.0027820430680939,-0.1851921758807142,0.2142641032480323,-0.0163938615551219,-0.0195819832458813,-0.3793666227246552,0.0712069134598853,0.3145830796545410,0.6714023036865144,-0.3490610897375452,-0.0170394066543128
-0.2418044428699766,0.0088107606454709,-0.1520718893938746,0.1930679167302235,-0.0309875627324965,-0.0199664309695061,-0.4622966703088883,0.0922735649261844,0.3717175438093738,0.7407176961218215,-0.3490656931085965,-0.0145775366824899
-0.1915338529943636,0.0131885859375058,-0.1189504629204939,0.1744406738136431,-0.0471927726384856,-0.0198522178011294,-0.5348385334531084,0.1124415214075573,0.4184620240909821,0.7942577162622982,-0.3490659808192872,-0.0116641389601324
-0.1421519329443919,0.0159160298630966,-0.0863231618359817,0.1582451059999425,-0.0645137318572045,-0.0192419727844563,-0.5953693400278535,0.1297194457235363,0.4543397535387869,0.8301158477193959,-0.3490659988012054,-0.0087038219043774
-0.0944716346232632,0.0170564648415385,-0.0547521772066300,0.1444180509880385,-0.0825123061138562,-0.0181596302059649,-0.6433256773731291,0.1426945809658116,0.4797609735116318,0.8476869101482826,-0.3459210837709965,-0.0059856770712493
-0.0493490831117084,0.0167383490391571,-0.0248512927492451,0.1329767390243271,-0.1008067836223025,-0.0166449956659468,-0.6773332858453092,0.1498575406396642,0.4945905135244555,0.8412338040721214,-0.3118859117683548,-0.0031853727495119
-0.0076731883852227,0.0151530257848641,0.0027255834350535,0.1240306783858372,-0.1190744289965451,-0.0147478656766002,-0.6991592328518843,0.1516888329904876,0.5007475828906663,0.8177541401321148,-0.2714130818282996,-0.0007917428048823
0.0296359017985437,0.0125481814629183,0.0272878778146617,0.1178014005988250,-0.1370588412564627,-0.0125221640864164,-0.7098632864868966,0.1487310921673806,0.4994660274918722,0.7809684223238316,-0.2278042664176558,0.0010266563691401
0.0616158582219089,0.0092170671750983,0.0481002272282280,0.1146525911131286,-0.1545832616035857,-0.0100205497726497,-0.7103901144866026,0.1416878746226700,0.4917885642703841,0.7340487569099740,-0.1832300851384673,0.0023679650804427
0.0872360409542490,0.0054830807610996,0.0643601217337158,0.1151334353455642,-0.1715712081078462,-0.0072900004590845,-0.7018536152211875,0.1314589164208257,0.4787833981385567,0.6803817301687874,-0.1398613826582074,0.0034114495382317
0.1053548694612506,0.0016780165176106,0.0751600563909538,0.1200377521512889,-0.1880758526935629,-0.0043690220856978,-0.6854951399744943,0.1190053900479588,0.4615221586757531,0.6233272708744380,-0.0997472469573363,0.0043660408395907
0.1146620808150771,-0.0018901030409091,0.0794357057349667,0.1304791654639147,-0.2043186048996530,-0.0012874350981513,-0.6625800878603564,0.1052190971445708,0.4410041489839618,0.5658964679617424,-0.0646152305628386,0.0054194069708809
0.1136141537209241,-0.0049874950308255,0.0759085821573285,0.1479745070380505,-0.2207334564716922,0.0019297665890901,-0.6342675291554475,0.0908323513905265,0.4180607698342212,0.5104581687394911,-0.0356782015860263,0.0066981759411572
0.1003892154378454,-0.0075360035861686,0.0630493567936232,0.1745055716379202,-0.2380022910156194,0.0052521746347095,-0.6015091030976512,0.0763901738200263,0.3932898026093254,0.4585879697262612,-0.0135382376673018,0.0082486652174285
0.0729304539897250,-0.0097396069968076,0.0391287625971528,0.2124776593389560,-0.2570391413964574,0.0086243256396837,-0.5650199172976181,0.0622774862862468,0.3670525667965143,0.4111058022737700,0.0017720789372581,0.0100398156287233
0.0292287809280105,-0.0122531142851702,0.0024979741935132,0.2643954788335593,-0.2788295816934814,0.0119348155118613,-0.5253190287862138,0.0487716500830773,0.3395273341132430,0.3682489008910007,0.0106476176534137,0.0119818158714372
-0.0319169958242885,-0.0163174209792561,-0.0476880117141580,0.3319682847508997,-0.3039753575646440,0.0149801202751228,-0.4828051591286530,0.0360913498202758,0.3107876914955156,0.3298837045300712,0.0137406881907824,0.0139507912163887
-0.1095522403406811,-0.0236319576696436,-0.1102372783052179,0.4144794111093128,-0.3318676187594914,0.0174487885600260,-0.4378336598937873,0.0244277846448527,0.2808774127908787,0.2956860640217624,0.0118181327740891,0.0158120708166978
-0.1980260120081787,-0.0354614475377207,-0.1798060562164438,0.5040411986078956,-0.3478089728115690,0.0188618332792295,-0.3907770986533021,0.0139574525904137,0.2498681818961499,0.2652653009988377,0.0056651235026461,0.0174383632911751
-0.2895443046001029,-0.0516018726401643,-0.2492728734050882,0.5905773675884474,-0.3489874358007231,0.0186005197096963,-0.3420655581769101,0.0048415968246518,0.2178979182518001,0.2382376078106640,-0.0039687518177597,0.0187220214005797
-0.3793666227246190,-0.0712069134598766,-0.3145830796545156,0.6714023036864835,-0.3490610897375452,0.0170394066543138,-0.2922088815131978,-0.0027820430680909,0.1851921758807289,0.2142641032480430,-0.0163938615551163,0.0195819832458812
-0.4622966703088538,-0.0922735649261751,-0.3717175438093507,0.7407176961217938,-0.3490656931085965,0.0145775366824912,-0.2418044428699975,-0.0088107606454687,0.1520718893938888,0.1930679167302312,-0.0309875627324896,0.0199664309695060
-0.5348385334530789,-0.1124415214075488,-0.4184620240909638,0.7942577162622779,-0.3490659808192872,0.0116641389601338,-0.1915338529943843,-0.0131885859375043,0.1189504629205073,0.1744406738136495,-0.0471927726384770,0.0198522178011292
-0.5953693400278290,-0.1297194457235293,-0.4543397535387730,0.8301158477193831,-0.3490659988012055,0.0087038219043787,-0.1421519329444118,-0.0159160298630959,0.0863231618359950,0.1582451059999480,-0.0645137318571984,0.0192419727844573
-0.6433256773731122,-0.1426945809658076,-0.4797609735116237,0.8476869101482811,-0.3459210837710082,0.0059856770712503,-0.0944716346232842,-0.0170564648415383,0.0547521772066431,0.1444180509880450,-0.0825123061138477,0.0181596302059649
-0.6773332858452974,-0.1498575406396623,-0.4945905135244512,0.8412338040721283,-0.3118859117683710,0.0031853727495131,-0.0493490831117279,-0.0167383490391575,0.0248512927492580,0.1329767390243322,-0.1008067836222949,0.0166449956659475
-0.6991592328518771,-0.1516888329904879,-0.5007475828906653,0.8177541401321278,-0.2714130818283180,0.0007917428048832,-0.0076731883852392,-0.0151530257848650,-0.0027255834350428,0.1240306783858399,-0.1190744289965372,0.0147478656766012
-0.7098632864868940,-0.1487310921673828,-0.4994660274918741,0.7809684223238498,-0.2278042664176747,-0.0010266563691395,0.0296359017985293,-0.0125481814629195,-0.0272878778146523,0.1178014005988264,-0.1370588412564549,0.0125221640864174
-0.7103901144866045,-0.1416878746226736,-0.4917885642703885,0.7340487569099943,-0.1832300851384853,-0.0023679650804422,0.0616158582218984,-0.0092170671750997,-0.0481002272282206,0.1146525911131285,-0.1545832616035789,0.0100205497726521
-0.7018536152211928,-0.1314589164208307,-0.4787833981385631,0.6803817301688112,-0.1398613826582255,-0.0034114495382313,0.0872360409542391,-0.0054830807611012,-0.0643601217337099,0.1151334353455636,-0.1715712081078398,0.0072900004590849
-0.6854951399745025,-0.1190053900479647,-0.4615221586757620,0.6233272708744627,-0.0997472469573542,-0.0043660408395906,0.1053548694612443,-0.0016780165176123,-0.0751600563909504,0.1200377521512859,-0.1880758526935559,0.0043690220856992
-0.6625800878603677,-0.1052190971445770,-0.4410041489839713,0.5658964679617671,-0.0646152305628525,-0.0054194069708804,0.1146620808150754,0.0018901030409077,-0.0794357057349665,0.1304791654639088,-0.2043186048996461,0.0012874350981527
-0.6342675291554608,-0.0908323513905328,-0.4180607698342317,0.5104581687395146,-0.0356782015860373,-0.0066981759411565,0.1136141537209269,0.0049874950308243,-0.0759085821573318,0.1479745070380414,-0.2207334564716851,-0.0019297665890888
-0.6015091030976641,-0.0763901738200316,-0.3932898026093350,0.4585879697262801,-0.0135382376673089,-0.0082486652174279,0.1003892154378529,0.0075360035861676,-0.0630493567936303,0.1745055716379081,-0.2380022910156135,-0.0052521746347084
-0.5650199172976338,-0.0622774862862525,-0.3670525667965255,0.4111058022737886,0.0017720789372532,-0.0100398156287226,0.0729304539897407,0.0097396069968067,-0.0391287625971660,0.2124776593389365,-0.2570391413964477,-0.0086243256396819
-0.5253190287862308,-0.0487716500830827,-0.3395273341132548,0.3682489008910169,0.0106476176534117,-0.0119818158714364,0.0292287809280339,0.0122531142851689,-0.0024979741935325,0.2643954788335326,-0.2788295816934708,-0.0119348155118599
-0.4828051591286725,-0.0360913498202812,-0.3107876914955287,0.3298837045300876,0.0137406881907820,-0.0139507912163879,-0.0319169958242595,0.0163174209792539,0.0476880117141344,0.3319682847508685,-0.3039753575646330,-0.0149801202751216
-0.4378336598938081,-0.0244277846448577,-0.2808774127908925,0.2956860640217775,0.0118181327740905,-0.0158120708166971,-0.1095522403406458,0.0236319576696396,0.1102372783051898,0.4144794111092760,-0.3318676187594800,-0.0174487885600251
-0.3907770986533189,-0.0139574525904171,-0.2498681818961608,0.2652653009988464,0.0056651235026493,-0.0174383632911747,-0.1980260120081435,0.0354614475377151,0.1798060562164164,0.5040411986078610,-0.3478089728115675,-0.0188618332792292
-0.3420655581769307,-0.0048415968246552,-0.2178979182518137,0.2382376078106742,-0.0039687518177552,-0.0187220214005794,-0.2895443046000625,0.0516018726401563,0.2492728734050581,0.5905773675884098,-0.3489874358007229,-0.0186005197096966
-0.2922088815132183,0.0027820430680880,-0.1851921758807426,0.2142641032480514,-0.0163938615551099,-0.0195819832458809,-0.3793666227245802,0.0712069134598674,0.3145830796544881,0.6714023036864489,-0.3490610897375452,-0.0170394066543147
-0.2418044428700202,0.0088107606454664,-0.1520718893939035,0.1930679167302410,-0.0309875627324835,-0.0199664309695060,-0.4622966703088214,0.0922735649261665,0.3717175438093293,0.7407176961217687,-0.3490656931085965,-0.0145775366824924
-0.1915338529944066,0.0131885859375027,-0.1189504629205226,0.1744406738136582,-0.0471927726384732,-0.0198522178011302,-0.5348385334530513,0.1124415214075411,0.4184620240909469,0.7942577162622599,-0.3490659808192872,-0.0116641389601350
-0.1421519329444291,0.0159160298630952,-0.0863231618360063,0.1582451059999523,-0.0645137318571920,-0.0192419727844575,-0.5953693400278084,0.1297194457235235,0.4543397535387615,0.8301158477193731,-0.3490659988012054,-0.0087038219043798
-0.0944716346233033,0.0170564648415381,-0.0547521772066566,0.1444180509880495,-0.0825123061138405,-0.0181596302059660,-0.6433256773730940,0.1426945809658028,0.4797609735116148,0.8476869101482780,-0.3459210837710197,-0.0059856770712514
-0.0493490831117460,0.0167383490391580,-0.0248512927492700,0.1329767390243360,-0.1008067836222868,-0.0166449956659482,-0.6773332858452853,0.1498575406396604,0.4945905135244467,0.8412338040721348,-0.3118859117683874,-0.0031853727495143
-0.0076731883852570,0.0151530257848659,0.0027255834350312,0.1240306783858440,-0.1190744289965297,-0.0147478656766020,-0.6991592328518704,0.1516888329904883,0.5007475828906645,0.8177541401321410,-0.2714130818283363,-0.0007917428048841
0.0296359017985137,0.0125481814629209,0.0272878778146423,0.1178014005988291,-0.1370588412564474,-0.0125221640864196,-0.7098632864868920,0.1487310921673851,0.4994660274918763,0.7809684223238685,-0.2278042664176942,0.0010266563691388
0.0616158582218864,0.0092170671751012,0.0481002272282136,0.1146525911131285,-0.1545832616035717,-0.0100205497726518,-0.7103901144866062,0.1416878746226773,0.4917885642703929,0.7340487569100158,-0.1832300851385042,0.0023679650804417
0.0872360409542300,0.0054830807611029,0.0643601217337044,0.1151334353455620,-0.1715712081078324,-0.0072900004590862,-0.7018536152211984,0.1314589164208357,0.4787833981385698,0.6803817301688355,-0.1398613826582435,0.0034114495382309
0.1053548694612386,0.0016780165176138,0.0751600563909472,0.1200377521512823,-0.1880758526935488,-0.0043690220857004,-0.6854951399745112,0.1190053900479705,0.4615221586757703,0.6233272708744878,-0.0997472469573706,0.0043660408395902
0.1146620808150734,-0.0018901030409062,0.0794357057349662,0.1304791654639028,-0.2043186048996392,-0.0012874350981541,-0.6625800878603788,0.1052190971445831,0.4410041489839807,0.5658964679617914,-0.0646152305628664,0.0054194069708799
0.1136141537209299,-0.0049874950308231,0.0759085821573354,0.1479745070380320,-0.2207334564716783,0.0019297665890873,-0.6342675291554735,0.0908323513905388,0.4180607698342417,0.5104581687395369,-0.0356782015860480,0.0066981759411560
0.1003892154378614,-0.0075360035861666,0.0630493567936380,0.1745055716378945,-0.2380022910156058,0.0052521746347069,-0.6015091030976795,0.0763901738200379,0.3932898026093462,0.4585879697263018,-0.0135382376673171,0.0082486652174271
0.0729304539897552,-0.0097396069968057,0.0391287625971785,0.2124776593389181,-0.2570391413964401,0.0086243256396807,-0.5650199172976508,0.0622774862862586,0.3670525667965374,0.4111058022738087,0.0017720789372478,0.0100398156287218
0.0292287809280556,-0.0122531142851676,0.0024979741935504,0.2643954788335080,-0.2788295816934604,0.0119348155118583,-0.5253190287862491,0.0487716500830885,0.3395273341132671,0.3682489008910351,0.0106476176534089,0.0119818158714356
-0.0319169958242285,-0.0163174209792515,-0.0476880117141093,0.3319682847508350,-0.3039753575646211,0.0149801202751204,-0.4828051591286905,0.0360913498202864,0.3107876914955408,0.3298837045301023,0.0137406881907821,0.0139507912163870
-0.1095522403406084,-0.0236319576696354,-0.1102372783051599,0.4144794111092368,-0.3318676187594676,0.0174487885600243,-0.4378336598938271,0.0244277846448624,0.2808774127909051,0.2956860640217905,0.0118181327740925,0.0158120708166962
-0.1980260120081062,-0.0354614475377093,-0.1798060562163875,0.5040411986078255,-0.3478089728115659,0.0188618332792289,-0.3907770986533411,0.0139574525904217,0.2498681818961756,0.2652653009988609,0.0056651235026527,0.0174383632911740
-0.2895443046000242,-0.0516018726401488,-0.2492728734050296,0.5905773675883749,-0.3489874358007228,0.0186005197096971,-0.3420655581769526,0.0048415968246589,0.2178979182518280,0.2382376078106858,-0.0039687518177506,0.0187220214005789
-0.3793666227245442,-0.0712069134598590,-0.3145830796544627,0.6714023036864185,-0.3490610897375452,0.0170394066543156,-0.2922088815132410,-0.0027820430680850,0.1851921758807573,0.2142641032480624,-0.0163938615551047,0.0195819832458806
-0.4622966703087866,-0.0922735649261571,-0.3717175438093060,0.7407176961217404,-0.3490656931085965,0.0145775366824935,-0.2418044428700410,-0.0088107606454643,0.1520718893939172,0.1930679167302485,-0.0309875627324764,0.0199664309695060
-0.5348385334530216,-0.1124415214075326,-0.4184620240909285,0.7942577162622396,-0.3490659808192872,0.0116641389601363,-0.1915338529944273,-0.0131885859375012,0.1189504629205362,0.1744406738136648,-0.0471927726384655,0.0198522178011304
-0.5953693400277856,-0.1297194457235173,-0.4543397535387488,0.8301158477193624,-0.3490659988012054,0.0087038219043809,-0.1421519329444517,-0.0159160298630943,0.0863231618360212,0.1582451059999603,-0.0645137318571821,0.0192419727844573
-0.6433256773730770,-0.1426945809657988,-0.4797609735116066,0.8476869101482768,-0.3459210837710319,0.0059856770712525,-0.0944716346233241,-0.0170564648415380,0.0547521772066696,0.1444180509880557,-0.0825123061138320,0.0181596302059660
-0.6773332858452736,-0.1498575406396586,-0.4945905135244424,0.8412338040721422,-0.3118859117684040,0.0031853727495154,-0.0493490831117654,-0.0167383490391583,0.0248512927492828,0.1329767390243410,-0.1008067836222791,0.0166449956659489
-0.6991592328518632,-0.1516888329904885,-0.5007475828906632,0.8177541401321540,-0.2714130818283543,0.0007917428048850,-0.0076731883852733,-0.0151530257848669,-0.0027255834350204,0.1240306783858465,-0.1190744289965217,0.0147478656766029
-0.7098632864868896,-0.1487310921673874,-0.4994660274918782,0.7809684223238867,-0.2278042664177137,-0.0010266563691381,0.0296359017984994,-0.0125481814629222,-0.0272878778146329,0.1178014005988304,-0.1370588412564394,0.0125221640864206
-0.7103901144866080,-0.1416878746226811,-0.4917885642703975,0.7340487569100378,-0.1832300851385228,-0.0023679650804412,0.0616158582218735,-0.0092170671751027,-0.0481002272282052,0.1146525911131295,-0.1545832616035637,0.0100205497726530
-0.7018536152212036,-0.1314589164208404,-0.4787833981385762,0.6803817301688592,-0.1398613826582617,-0.0034114495382305,0.0872360409542201,-0.0054830807611045,-0.0643601217336979,0.1151334353455615,-0.1715712081078249,0.0072900004590881
-0.6854951399745197,-0.1190053900479758,-0.4615221586757776,0.6233272708745123,-0.0997472469573851,-0.0043660408395894,0.1053548694612323,-0.0016780165176154,-0.0751600563909437,0.1200377521512795,-0.1880758526935419,0.0043690220857017
-0.6625800878603901,-0.1052190971445893,-0.4410041489839902,0.5658964679618160,-0.0646152305628802,-0.0054194069708795,0.1146620808150715,0.0018901030409048,-0.0794357057349660,0.1304791654638970,-0.2043186048996321,0.0012874350981554
-0.6342675291554873,-0.0908323513905453,-0.4180607698342524,0.5104581687395611,-0.0356782015860595,-0.0066981759411553,0.1136141537209328,0.0049874950308219,-0.0759085821573386,0.1479745070380228,-0.2207334564716707,-0.0019297665890860
-0.6015091030976941,-0.0763901738200440,-0.3932898026093570,0.4585879697263228,-0.0135382376673250,-0.0082486652174264,0.1003892154378699,0.0075360035861657,-0.0630493567936457,0.1745055716378808,-0.2380022910155981,-0.0052521746347055
-0.5650199172976667,-0.0622774862862645,-0.3670525667965486,0.4111058022738273,0.0017720789372429,-0.0100398156287209,0.0729304539897709,0.0097396069968048,-0.0391287625971919,0.2124776593388983,-0.2570391413964312,-0.0086243256396793
-0.5253190287862662,-0.0487716500830940,-0.3395273341132790,0.3682489008910519,0.0106476176534066,-0.0119818158714347,0.0292287809280789,0.0122531142851662,-0.0024979741935699,0.2643954788334814,-0.2788295816934508,-0.0119348155118571
-0.4828051591287101,-0.0360913498202917,-0.3107876914955537,0.3298837045301186,0.0137406881907819,-0.0139507912163862,-0.0319169958241995,0.0163174209792492,0.0476880117140856,0.3319682847508036,-0.3039753575646101,-0.0149801202751191
-0.4378336598938476,-0.0244277846448673,-0.2808774127909186,0.2956860640218050,0.0118181327740941,-0.0158120708166955,-0.1095522403405732,0.0236319576696315,0.1102372783051317,0.4144794111092000,-0.3318676187594551,-0.0174487885600234
-0.3907770986533609,-0.0139574525904257,-0.2498681818961887,0.2652653009988722,0.0056651235026564,-0.0174383632911734,-0.1980260120080666,0.0354614475377033,0.1798060562163568,0.5040411986077872,-0.3478089728115644,-0.0188618332792287
-0.3420655581769730,-0.0048415968246625,-0.2178979182518414,0.2382376078106959,-0.0039687518177449,-0.0187220214005783,-0.2895443045999838,0.0516018726401408,0.2492728734049995,0.5905773675883370,-0.3489874358007228,-0.0186005197096976
-0.2922088815132617,0.0027820430680822,-0.1851921758807711,0.2142641032480710,-0.0163938615550983,-0.0195819832458804,-0.3793666227245052,0.0712069134598496,0.3145830796544348,0.6714023036863835,-0.3490610897375452,-0.0170394066543165
-0.2418044428700637,0.0088107606454620,-0.1520718893939321,0.1930679167302581,-0.0309875627324701,-0.0199664309695059,-0.4622966703087543,0.0922735649261484,0.3717175438092844,0.7407176961217155,-0.3490656931085965,-0.0145775366824946
-0.1915338529944497,0.0131885859374997,-0.1189504629205506,0.1744406738136731,-0.0471927726384566,-0.0198522178011300,-0.5348385334529938,0.1124415214075247,0.4184620240909113,0.7942577162622214,-0.3490659808192872,-0.0116641389601376
-0.1421519329444716,0.0159160298630935,-0.0863231618360346,0.1582451059999657,-0.0645137318571758,-0.0192419727844582,-0.5953693400277620,0.1297194457235105,0.4543397535387353,0.8301158477193504,-0.3490659988012054,-0.0087038219043822
-0.0944716346233435,0.0170564648415378,-0.0547521772066832,0.1444180509880605,-0.0825123061138249,-0.0181596302059672,-0.6433256773730590,0.1426945809657943,0.4797609735115978,0.8476869101482737,-0.3459210837710432,-0.0059856770712535
-0.0493490831117831,0.0167383490391587,-0.0248512927492946,0.1329767390243463,-0.1008067836222735,-0.0166449956659495,-0.6773332858452626,0.1498575406396567,0.4945905135244382,0.8412338040721478,-0.3118859117684196,-0.0031853727495165
-0.0076731883852910,0.0151530257848677,0.0027255834350086,0.1240306783858505,-0.1190744289965142,-0.0147478656766037,-0.6991592328518568,0.1516888329904890,0.5007475828906626,0.8177541401321681,-0.2714130818283731,-0.0007917428048858
0.0296359017984837,0.0125481814629234,0.0272878778146223,0.1178014005988332,-0.1370588412564322,-0.0125221640864193,-0.7098632864868872,0.1487310921673896,0.4994660274918803,0.7809684223239051,-0.2278042664177327,0.0010266563691374
0.0616158582218614,0.0092170671751042,0.0481002272281975,0.1146525911131297,-0.1545832616035564,-0.0100205497726540,-0.7103901144866096,0.1416878746226848,0.4917885642704020,0.7340487569100592,-0.1832300851385421,0.0023679650804407
0.0872360409542110,0.0054830807611061,0.0643601217336923,0.1151334353455598,-0.1715712081078174,-0.0072900004590893,-0.7018536152212094,0.1314589164208456,0.4787833981385830,0.6803817301688837,-0.1398613826582798,0.0034114495382301
0.1053548694612267,0.0016780165176169,0.0751600563909406,0.1200377521512768,-0.1880758526935359,-0.0043690220857028,-0.6854951399745277,0.1190053900479811,0.4615221586757852,0.6233272708745353,-0.0997472469574004,0.0043660408395890
0.1146620808150696,-0.0018901030409033,0.0794357057349657,0.1304791654638913,-0.2043186048996253,-0.0012874350981568,-0.6625800878604010,0.1052190971445954,0.4410041489839994,0.5658964679618403,-0.0646152305628940,0.0054194069708789
0.1136141537209358,-0.0049874950308206,0.0759085821573422,0.1479745070380134,-0.2207334564716643,0.0019297665890846,-0.6342675291554999,0.0908323513905513,0.4180607698342623,0.5104581687395833,-0.0356782015860702,0.0066981759411548
0.1003892154378782,-0.0075360035861647,0.0630493567936532,0.1745055716378677,-0.2380022910155907,0.0052521746347041,-0.6015091030977093,0.0763901738200503,0.3932898026093683,0.4585879697263448,-0.0135382376673332,0.0082486652174257
0.0729304539897856,-0.0097396069968038,0.0391287625972044,0.2124776593388797,-0.2570391413964229,0.0086243256396778,-0.5650199172976835,0.0622774862862706,0.3670525667965606,0.4111058022738475,0.0017720789372375,0.0100398156287201
0.0292287809281002,-0.0122531142851651,0.0024979741935874,0.2643954788334570,-0.2788295816934404,0.0119348155118556,-0.5253190287862827,0.0487716500830991,0.3395273341132899,0.3682489008910679,0.0106476176534042,0.0119818158714339
-0.0319169958241685,-0.0163174209792469,-0.0476880117140605,0.3319682847507699,-0.3039753575645985,0.0149801202751180,-0.4828051591287282,0.0360913498202968,0.3107876914955658,0.3298837045301332,0.0137406881907819,0.0139507912163854
-0.1095522403405353,-0.0236319576696272,-0.1102372783051017,0.4144794111091603,-0.3318676187594423,0.0174487885600224,-0.4378336598938667,0.0244277846448718,0.2808774127909314,0.2956860640218180,0.0118181327740962,0.0158120708166948
-0.1980260120080289,-0.0354614475376974,-0.1798060562163278,0.5040411986077507,-0.3478089728115629,0.0188618332792285,-0.3907770986533823,0.0139574525904301,0.2498681818962026,0.2652653009988854,0.0056651235026593,0.0174383632911728
-0.2895443045999457,-0.0516018726401332,-0.2492728734049712,0.5905773675883023,-0.3489874358007227,0.0186005197096979,-0.3420655581769951,0.0048415968246662,0.2178979182518559,0.2382376078107078,-0.0039687518177411,0.0187220214005779
-0.3793666227244701,-0.0712069134598412,-0.3145830796544102,0.6714023036863525,-0.3490610897375451,0.0170394066543174,-0.2922088815132816,-0.0027820430680795,0.1851921758807838,0.2142641032480802,-0.0163938615550940,0.0195819832458801
-0.4622966703087194,-0.0922735649261390,-0.3717175438092611,0.7407176961216876,-0.3490656931085965,0.0145775366824959,-0.2418044428700844,-0.0088107606454598,0.1520718893939459,0.1930679167302655,-0.0309875627324630,0.0199664309695060
-0.5348385334529638,-0.1124415214075161,-0.4184620240908928,0.7942577162622004,-0.3490659808192872,0.0116641389601389,-0.1915338529944705,-0.0131885859374982,0.1189504629205645,0.1744406738136798,-0.0471927726384491,0.0198522178011302
-0.5953693400277392,-0.1297194457235041,-0.4543397535387225,0.8301158477193393,-0.3490659988012054,0.0087038219043834,-0.1421519329444935,-0.0159160298630927,0.0863231618360490,0.1582451059999734,-0.0645137318571689,0.0192419727844586
-0.6433256773730421,-0.1426945809657902,-0.4797609735115897,0.8476869101482722,-0.3459210837710548,0.0059856770712546,-0.0944716346233643,-0.0170564648415376,0.0547521772066969,0.1444180509880667,-0.0825123061138174,0.0181596302059678
-0.6773332858452505,-0.1498575406396548,-0.4945905135244338,0.8412338040721544,-0.3118859117684361,0.0031853727495176,-0.0493490831118008,-0.0167383490391592,0.0248512927493063,0.1329767390243494,-0.1008067836222651,0.0166449956659503
-0.6991592328518490,-0.1516888329904888,-0.5007475828906612,0.8177541401321797,-0.2714130818283907,0.0007917428048868,-0.0076731883853074,-0.0151530257848688,-0.0027255834349976,0.1240306783858530,-0.1190744289965059,0.0147478656766049
-0.7098632864868847,-0.1487310921673917,-0.4994660274918823,0.7809684223239231,-0.2278042664177516,-0.0010266563691368,0.0296359017984694,-0.0125481814629247,-0.0272878778146130,0.1178014005988345,-0.1370588412564242,0.0125221640864215
-0.7103901144866115,-0.1416878746226888,-0.4917885642704064,0.7340487569100814,-0.1832300851385613,-0.0023679650804402,0.0616158582218485,-0.0092170671751058,-0.0481002272281891,0.1146525911131309,-0.1545832616035490,0.0100205497726552
-0.7018536152212143,-0.1314589164208503,-0.4787833981385894,0.6803817301689071,-0.1398613826582976,-0.0034114495382297,0.0872360409542011,-0.0054830807611078,-0.0643601217336862,0.1151334353455591,-0.1715712081078103,0.0072900004590905
-0.6854951399745359,-0.1190053900479870,-0.4615221586757941,0.6233272708745597,-0.0997472469574178,-0.0043660408395890,0.1053548694612208,-0.0016780165176185,-0.0751600563909373,0.1200377521512736,-0.1880758526935288,0.0043690220857041
-0.6625800878604121,-0.1052190971446015,-0.4410041489840089,0.5658964679618647,-0.0646152305629078,-0.0054194069708784,0.1146620808150678,0.0018901030409019,-0.0794357057349655,0.1304791654638852,-0.2043186048996181,0.0012874350981581
-0.6342675291555140,-0.0908323513905579,-0.4180607698342731,0.5104581687396078,-0.0356782015860817,-0.0066981759411541,0.1136141537209386,0.0049874950308194,-0.0759085821573456,0.1479745070380040,-0.2207334564716571,-0.0019297665890831
-0.6015091030977239,-0.0763901738200563,-0.3932898026093790,0.4585879697263656,-0.0135382376673410,-0.0082486652174250,0.1003892154378871,0.0075360035861637,-0.0630493567936612,0.1745055716378535,-0.2380022910155826,-0.0052521746347027
-0.5650199172976994,-0.0622774862862763,-0.3670525667965718,0.4111058022738662,0.0017720789372326,-0.0100398156287193,0.0729304539898013,0.0097396069968029,-0.0391287625972178,0.2124776593388596,-0.2570391413964136,-0.0086243256396764
-0.5253190287863011,-0.0487716500831050,-0.3395273341133027,0.3682489008910865,0.0106476176534012,-0.0119818158714331,0.0292287809281220,0.0122531142851638,-0.0024979741936058,0.2643954788334323,-0.2788295816934308,-0.0119348155118542
-0.4828051591287478,-0.0360913498203023,-0.3107876914955789,0.3298837045301497,0.0137406881907813,-0.0139507912163844,-0.0319169958241394,0.0163174209792446,0.0476880117140367,0.3319682847507387,-0.3039753575645875,-0.0149801202751169
-0.4378336598938875,-0.0244277846448768,-0.2808774127909450,0.2956860640218331,0.0118181327740975,-0.0158120708166941,-0.1095522403405000,0.0236319576696233,0.1102372783050736,0.4144794111091232,-0.3318676187594303,-0.0174487885600216
-0.3907770986534022,-0.0139574525904341,-0.2498681818962158,0.2652653009988968,0.0056651235026634,-0.0174383632911722,-0.1980260120079891,0.0354614475376913,0.1798060562162970,0.5040411986077121,-0.3478089728115615,-0.0188618332792282
-0.3420655581770156,-0.0048415968246696,-0.2178979182518694,0.2382376078107178,-0.0039687518177359,-0.0187220214005776,-0.2895443045999051,0.0516018726401252,0.2492728734049407,0.5905773675882647,-0.3489874358007226,-0.0186005197096983
-0.2922088815133044,0.0027820430680764,-0.1851921758807988,0.2142641032480913,-0.0163938615550879,-0.0195819832458798,-0.3793666227244337,0.0712069134598326,0.3145830796543843,0.6714023036863214,-0.3490610897375451,-0.0170394066543182
-0.2418044428701071,0.0088107606454575,-0.1520718893939609,0.1930679167302751,-0.0309875627324566,-0.0199664309695058,-0.4622966703086869,0.0922735649261302,0.3717175438092392,0.7407176961216623,-0.3490656931085965,-0.0145775366824970
-0.1915338529944929,0.0131885859374966,-0.1189504629205793,0.1744406738136883,-0.0471927726384422,-0.0198522178011304,-0.5348385334529360,0.1124415214075082,0.4184620240908756,0.7942577162621823,-0.3490659808192872,-0.0116641389601402
-0.1421519329445136,0.0159160298630919,-0.0863231618360623,0.1582451059999787,-0.0645137318571606,-0.0192419727844590,-0.5953693400277152,0.1297194457234972,0.4543397535387090,0.8301158477193273,-0.3490659988012054,-0.0087038219043847
-0.0944716346233835,0.0170564648415376,-0.0547521772067089,0.1444180509880711,-0.0825123061138083,-0.0181596302059678,-0.6433256773730239,0.1426945809657857,0.4797609735115808,0.8476869101482695,-0.3459210837710665,-0.0059856770712557
-0.0493490831118204,0.0167383490391596,-0.0248512927493193,0.1329767390243545,-0.1008067836222563,-0.0166449956659511,-0.6773332858452390,0.1498575406396530,0.4945905135244296,0.8412338040721615,-0.3118859117684517,-0.0031853727495188
-0.0076731883853252,0.0151530257848696,0.0027255834349861,0.1240306783858571,-0.1190744289964984,-0.0147478656766057,-0.6991592328518426,0.1516888329904893,0.5007475828906605,0.8177541401321938,-0.2714130818284094,-0.0007917428048877
0.0296359017984538,0.0125481814629260,0.0272878778146028,0.1178014005988373,-0.1370588412564168,-0.0125221640864225,-0.7098632864868822,0.1487310921673939,0.4994660274918841,0.7809684223239408,-0.2278042664177702,0.0010266563691361
0.0616158582218365,0.0092170671751073,0.0481002272281814,0.1146525911131309,-0.1545832616035413,-0.0100205497726563,-0.7103901144866135,0.1416878746226924,0.4917885642704110,0.7340487569101032,-0.1832300851385803,0.0023679650804397
0.0872360409541920,0.0054830807611094,0.0643601217336805,0.1151334353455576,-0.1715712081078030,-0.0072900004590917,-0.7018536152212204,0.1314589164208555,0.4787833981385964,0.6803817301689320,-0.1398613826583161,0.0034114495382292
0.1053548694612146,0.0016780165176201,0.0751600563909339,0.1200377521512706,-0.1880758526935217,-0.0043690220857054,-0.6854951399745445,0.1190053900479924,0.4615221586758013,0.6233272708745842,-0.0997472469574322,0.0043660408395882
0.1146620808150658,-0.0018901030409004,0.0794357057349651,0.1304791654638794,-0.2043186048996112,-0.0012874350981595,-0.6625800878604229,0.1052190971446075,0.4410041489840182,0.5658964679618886,-0.0646152305629219,0.0054194069708780
0.1136141537209416,-0.0049874950308182,0.0759085821573489,0.1479745070379947,-0.2207334564716491,0.0019297665890817,-0.6342675291555265,0.0908323513905640,0.4180607698342831,0.5104581687396301,-0.0356782015860923,0.0066981759411535
0.1003892154378954,-0.0075360035861627,0.0630493567936688,0.1745055716378402,-0.2380022910155751,0.0052521746347012,-0.6015091030977394,0.0763901738200626,0.3932898026093904,0.4585879697263877,-0.0135382376673493,0.0082486652174242
0.0729304539898161,-0.0097396069968019,0.0391287625972303,0.2124776593388410,-0.2570391413964052,0.0086243256396750,-0.5650199172977166,0.0622774862862825,0.3670525667965838,0.4111058022738866,0.0017720789372271,0.0100398156287185
0.0292287809281451,-0.0122531142851625,0.0024979741936249,0.2643954788334059,-0.2788295816934205,0.0119348155118528,-0.5253190287863180,0.0487716500831105,0.3395273341133142,0.3682489008911028,0.0106476176533991,0.0119818158714322
-0.0319169958241082,-0.0163174209792422,-0.0476880117140115,0.3319682847507047,-0.3039753575645754,0.0149801202751157,-0.4828051591287660,0.0360913498203073,0.3107876914955912,0.3298837045301645,0.0137406881907815,0.0139507912163837
-0.1095522403404659,-0.0236319576696193,-0.1102372783050461,0.4144794111090867,-0.3318676187594198,0.0174487885600208,-0.4378336598939039,0.0244277846448808,0.2808774127909559,0.2956860640218439,0.0118181327740995,0.0158120708166934
-0.1980260120079513,-0.0354614475376854,-0.1798060562162677,0.5040411986076758,-0.3478089728115601,0.0188618332792280,-0.3907770986534236,0.0139574525904386,0.2498681818962301,0.2652653009989101,0.0056651235026666,0.0174383632911715
-0.2895443045998669,-0.0516018726401177,-0.2492728734049127,0.5905773675882295,-0.3489874358007225,0.0186005197096988,-0.3420655581770375,0.0048415968246734,0.2178979182518838,0.2382376078107297,-0.0039687518177309,0.0187220214005770
-0.3793666227243954,-0.0712069134598235,-0.3145830796543573,0.6714023036862878,-0.3490610897375451,0.0170394066543191,-0.2922088815133250,-0.0027820430680736,0.1851921758808124,0.2142641032480998,-0.0163938615550817,0.0195819832458796
-0.4622966703086522,-0.0922735649261209,-0.3717175438092160,0.7407176961216341,-0.3490656931085965,0.0145775366824983,-0.2418044428701280,-0.0088107606454553,0.1520718893939745,0.1930679167302827,-0.0309875627324497,0.0199664309695057
-0.5348385334529098,-0.1124415214075005,-0.4184620240908591,0.7942577162621635,-0.3490659808192872,0.0116641389601415,-0.1915338529945107,-0.0131885859374953,0.1189504629205911,0.1744406738136936,-0.0471927726384371,0.0198522178011307
-0.5953693400276927,-0.1297194457234910,-0.4543397535386967,0.8301158477193169,-0.3490659988012054,0.0087038219043859,-0.1421519329445354,-0.0159160298630910,0.0863231618360766,0.1582451059999863,-0.0645137318571518,0.0192419727844588
-0.6433256773730071,-0.1426945809657816,-0.4797609735115728,0.8476869101482681,-0.3459210837710786,0.0059856770712567,-0.0944716346234043,-0.0170564648415374,0.0547521772067228,0.1444180509880775,-0.0825123061138007,0.0181596302059683
-0.6773332858452263,-0.1498575406396508,-0.4945905135244248,0.8412338040721674,-0.3118859117684677,0.0031853727495199,-0.0493490831118385,-0.0167383490391601,0.0248512927493313,0.1329767390243584,-0.1008067836222486,0.0166449956659519
-0.6991592328518351,-0.1516888329904895,-0.5007475828906592,0.8177541401322062,-0.2714130818284272,0.0007917428048886,-0.0076731883853415,-0.0151530257848705,-0.0027255834349750,0.1240306783858595,-0.1190744289964903,0.0147478656766065
-0.7098632864868807,-0.1487310921673961,-0.4994660274918862,0.7809684223239581,-0.2278042664177887,-0.0010266563691355,0.0296359017984410,-0.0125481814629272,-0.0272878778145946,0.1178014005988385,-0.1370588412564104,0.0125221640864244
-0.7103901144866153,-0.1416878746226963,-0.4917885642704156,0.7340487569101253,-0.1832300851385995,-0.0023679650804392,0.0616158582218235,-0.0092170671751088,-0.0481002272281723,0.1146525911131321,-0.1545832616035337,0.0100205497726588
-0.7018536152212252,-0.1314589164208602,-0.4787833981386025,0.6803817301689553,-0.1398613826583339,-0.0034114495382288,0.0872360409541821,-0.0054830807611111,-0.0643601217336746,0.1151334353455570,-0.1715712081077965,0.0072900004590923
-0.6854951399745531,-0.1190053900479985,-0.4615221586758105,0.6233272708746094,-0.0997472469574505,-0.0043660408395881,0.1053548694612089,-0.0016780165176217,-0.0751600563909307,0.1200377521512669,-0.1880758526935145,0.0043690220857067
-0.6625800878604344,-0.1052190971446137,-0.4410041489840278,0.5658964679619137,-0.0646152305629356,-0.0054194069708774,0.1146620808150640,0.0018901030408990,-0.0794357057349650,0.1304791654638734,-0.2043186048996041,0.0012874350981608
-0.6342675291555380,-0.0908323513905694,-0.4180607698342920,0.5104581687396506,-0.0356782015861022,-0.0066981759411530,0.1136141537209443,0.0049874950308171,-0.0759085821573522,0.1479745070379863,-0.2207334564716433,-0.0019297665890804
-0.6015091030977537,-0.0763901738200686,-0.3932898026094011,0.4585879697264084,-0.0135382376673571,-0.0082486652174235,0.1003892154379043,0.0075360035861617,-0.0630493567936769,0.1745055716378262,-0.2380022910155670,-0.0052521746346996
-0.5650199172977324,-0.0622774862862884,-0.3670525667965949,0.4111058022739052,0.0017720789372223,-0.0100398156287176,0.0729304539898317,0.0097396069968010,-0.0391287625972435,0.2124776593388213,-0.2570391413963953,-0.0086243256396732
-0.5253190287863364,-0.0487716500831163,-0.3395273341133267,0.3682489008911213,0.0106476176533962,-0.0119818158714313,0.0292287809281668,0.0122531142851611,-0.0024979741936429,0.2643954788333814,-0.2788295816934108,-0.0119348155118514
-0.4828051591287857,-0.0360913498203128,-0.3107876914956044,0.3298837045301811,0.0137406881907808,-0.0139507912163829,-0.0319169958240795,0.0163174209792399,0.0476880117139880,0.3319682847506740,-0.3039753575645646,-0.0149801202751144
-0.4378336598939228,-0.0244277846448854,-0.2808774127909684,0.2956860640218564,0.0118181327741019,-0.0158120708166927,-0.1095522403404295,0.0236319576696154,0.1102372783050172,0.4144794111090490,-0.3318676187594066,-0.0174487885600198
-0.3907770986534434,-0.0139574525904426,-0.2498681818962429,0.2652653009989214,0.0056651235026700,-0.0174383632911709,-0.1980260120079111,0.0354614475376791,0.1798060562162367,0.5040411986076363,-0.3478089728115585,-0.0188618332792279
-0.3420655581770582,-0.0048415968246769,-0.2178979182518972,0.2382376078107400,-0.0039687518177264,-0.0187220214005766,-0.2895443045998260,0.0516018726401096,0.2492728734048822,0.5905773675881912,-0.3489874358007224,-0.0186005197096992
-0.2922088815133476,0.0027820430680705,-0.1851921758808272,0.2142641032481107,-0.0163938615550763,-0.0195819832458792,-0.3793666227243589,0.0712069134598147,0.3145830796543311,0.6714023036862560,-0.3490610897375451,-0.0170394066543199
-0.2418044428701504,0.0088107606454530,-0.1520718893939894,0.1930679167302921,-0.0309875627324433,-0.0199664309695057,-0.4622966703086197,0.0922735649261123,0.3717175438091945,0.7407176961216091,-0.3490656931085965,-0.0145775366824994
-0.1915338529945320,0.0131885859374938,-0.1189504629206051,0.1744406738137006,-0.0471927726384277,-0.0198522178011305,-0.5348385334528811,0.1124415214074925,0.4184620240908415,0.7942577162621449,-0.3490659808192872,-0.0116641389601426
-0.1421519329445555,0.0159160298630902,-0.0863231618360900,0.1582451059999918,-0.0645137318571456,-0.0192419727844597,-0.5953693400276684,0.1297194457234842,0.4543397535386828,0.8301158477193042,-0.3490659988012054,-0.0087038219043871
-0.0944716346234236,0.0170564648415372,-0.0547521772067356,0.1444180509880821,-0.0825123061137926,-0.0181596302059689,-0.6433256773729894,0.1426945809657771,0.4797609735115641,0.8476869101482655,-0.3459210837710902,-0.0059856770712578
-0.0493490831118580,0.0167383490391605,-0.0248512927493442,0.1329767390243636,-0.1008067836222410,-0.0166449956659526,-0.6773332858452150,0.1498575406396492,0.4945905135244208,0.8412338040721750,-0.3118859117684842,-0.0031853727495210
-0.0076731883853592,0.0151530257848715,0.0027255834349633,0.1240306783858635,-0.1190744289964826,-0.0147478656766075,-0.6991592328518288,0.1516888329904899,0.5007475828906586,0.8177541401322201,-0.2714130818284457,-0.0007917428048895
0.0296359017984266,0.0125481814629285,0.0272878778145852,0.1178014005988397,-0.1370588412564017,-0.0125221640864255,-0.7098632864868782,0.1487310921673983,0.4994660274918882,0.7809684223239763,-0.2278042664178073,0.0010266563691348
0.0616158582218116,0.0092170671751104,0.0481002272281653,0.1146525911131321,-0.1545832616035266,-0.0100205497726585,-0.7103901144866168,0.1416878746226999,0.4917885642704199,0.7340487569101466,-0.1832300851386182,0.0023679650804387
0.0872360409541730,0.0054830807611127,0.0643601217336690,0.1151334353455554,-0.1715712081077891,-0.0072900004590935,-0.7018536152212309,0.1314589164208651,0.4787833981386087,0.6803817301689793,-0.1398613826583503,0.0034114495382283
0.1053548694612027,0.0016780165176234,0.0751600563909272,0.1200377521512641,-0.1880758526935077,-0.0043690220857081,-0.6854951399745615,0.1190053900480041,0.4615221586758185,0.6233272708746341,-0.0997472469574667,0.0043660408395877
0.1146620808150620,-0.0018901030408976,0.0794357057349646,0.1304791654638677,-0.2043186048995972,-0.0012874350981622,-0.6625800878604452,0.1052190971446197,0.4410041489840371,0.5658964679619378,-0.0646152305629497,0.0054194069708771
0.1136141537209471,-0.0049874950308159,0.0759085821573555,0.1479745070379772,-0.2207334564716363,0.0019297665890791,-0.6342675291555514,0.0908323513905757,0.4180607698343025,0.5104581687396738,-0.0356782015861131,0.0066981759411524
0.1003892154379126,-0.0075360035861607,0.0630493567936845,0.1745055716378127,-0.2380022910155592,0.0052521746346981,-0.6015091030977692,0.0763901738200750,0.3932898026094124,0.4585879697264306,-0.0135382376673655,0.0082486652174228
0.0729304539898433,-0.0097396069968004,0.0391287625972533,0.2124776593388066,-0.2570391413963884,0.0086243256396722,-0.5650199172977443,0.0622774862862926,0.3670525667966032,0.4111058022739193,0.0017720789372185,0.0100398156287171
0.0292287809281741,-0.0122531142851607,0.0024979741936487,0.2643954788333722,-0.2788295816934068,0.0119348155118510,-0.5253190287863404,0.0487716500831176,0.3395273341133294,0.3682489008911249,0.0106476176533960,0.0119818158714311
-0.0319169958240820,-0.0163174209792402,-0.0476880117139899,0.3319682847506757,-0.3039753575645651,0.0149801202751145,-0.4828051591287817,0.0360913498203116,0.3107876914956016,0.3298837045301773,0.0137406881907814,0.0139507912163830
-0.1095522403404453,-0.0236319576696171,-0.1102372783050296,0.4144794111090646,-0.3318676187594113,0.0174487885600201,-0.4378336598939144,0.0244277846448834,0.2808774127909628,0.2956860640218512,0.0118181327741004,0.0158120708166929
-0.1980260120079450,-0.0354614475376845,-0.1798060562162632,0.5040411986076675,-0.3478089728115591,0.0188618332792280,-0.3907770986534234,0.0139574525904385,0.2498681818962297,0.2652653009989098,0.0056651235026662,0.0174383632911716
-0.2895443045998778,-0.0516018726401196,-0.2492728734049202,0.5905773675882372,-0.3489874358007224,0.0186005197096986,-0.3420655581770264,0.0048415968246714,0.2178979182518764,0.2382376078107221,-0.0039687518177327,0.0187220214005774
-0.3793666227244206,-0.0712069134598293,-0.3145830796543746,0.6714023036863080,-0.3490610897375451,0.0170394066543185,-0.2922088815133067,-0.0027820430680761,0.1851921758808003,0.2142641032480895,-0.0163938615550852,0.0195819832458798
-0.4622966703086934,-0.0922735649261317,-0.3717175438092435,0.7407176961216655,-0.3490656931085965,0.0145775366824969,-0.2418044428700996,-0.0088107606454582,0.1520718893939559,0.1930679167302709,-0.0309875627324593,0.0199664309695059
-0.5348385334529546,-0.1124415214075133,-0.4184620240908867,0.7942577162621935,-0.3490659808192872,0.0116641389601395,-0.1915338529944767,-0.0131885859374978,0.1189504629205685,0.1744406738136817,-0.0471927726384485,0.0198522178011303
-0.5953693400277387,-0.1297194457235039,-0.4543397535387221,0.8301158477193392,-0.3490659988012054,0.0087038219043834,-0.1421519329444938,-0.0159160298630926,0.0863231618360491,0.1582451059999733,-0.0645137318571666,0.0192419727844579
-0.6433256773730488,-0.1426945809657917,-0.4797609735115928,0.8476869101482725,-0.3459210837710497,0.0059856770712542,-0.0944716346233561,-0.0170564648415377,0.0547521772066915,0.1444180509880645,-0.0825123061138203,0.0181596302059675
-0.6773332858452620,-0.1498575406396566,-0.4945905135244381,0.8412338040721484,-0.3118859117684221,0.0031853727495167,-0.0493490831117831,-0.0167383490391588,0.0248512927492945,0.1329767390243452,-0.1008067836222733,0.0166449956659496
-0.6991592328518593,-0.1516888329904889,-0.5007475828906630,0.8177541401321637,-0.2714130818283685,0.0007917428048857,-0.0076731883852841,-0.0151530257848675,-0.0027255834350130,0.1240306783858487,-0.1190744289965183,0.0147478656766035
-0.7098632864868895,-0.1487310921673881,-0.4994660274918789,0.7809684223238916,-0.2278042664177198,-0.0010266563691378,0.0296359017984960,-0.0125481814629224,-0.0272878778146305,0.1178014005988312,-0.1370588412564392,0.0125221640864195
-0.7103901144866082,-0.1416878746226810,-0.4917885642703972,0.7340487569100365,-0.1832300851385230,-0.0023679650804411,0.0616158582218745,-0.0092170671751026,-0.0481002272282052,0.1146525911131299,-0.1545832616035654,0.0100205497726542
-0.7018536152212010,-0.1314589164208381,-0.4787833981385731,0.6803817301688472,-0.1398613826582524,-0.0034114495382307,0.0872360409542250,-0.0054830807611037,-0.0643601217337012,0.1151334353455619,-0.1715712081078290,0.0072900004590868
-0.6854951399745118,-0.1190053900479706,-0.4615221586757701,0.6233272708744892,-0.0997472469573700,-0.0043660408395898,0.1053548694612380,-0.0016780165176139,-0.0751600563909468,0.1200377521512824,-0.1880758526935485,0.0043690220857004
-0.6625800878603735,-0.1052190971445802,-0.4410041489839762,0.5658964679617802,-0.0646152305628604,-0.0054194069708801,0.1146620808150744,0.0018901030409069,-0.0794357057349664,0.1304791654639056,-0.2043186048996425,0.0012874350981534
-0.6342675291554618,-0.0908323513905333,-0.4180607698342325,0.5104581687395165,-0.0356782015860386,-0.0066981759411565,0.1136141537209275,0.0049874950308241,-0.0759085821573324,0.1479745070380399,-0.2207334564716839,-0.0019297665890885
-0.6015091030976611,-0.0763901738200304,-0.3932898026093328,0.4585879697262757,-0.0135382376673072,-0.0082486652174280,0.1003892154378516,0.0075360035861679,-0.0630493567936289,0.1745055716379102,-0.2380022910156137,-0.0052521746347085
-0.5650199172976238,-0.0622774862862488,-0.3670525667965183,0.4111058022737766,0.0017720789372564,-0.0100398156287231,0.0729304539897325,0.0097396069968073,-0.0391287625971591,0.2124776593389464,-0.2570391413964530,-0.0086243256396829
-0.5253190287862126,-0.0487716500830769,-0.3395273341132422,0.3682489008909991,0.0106476176534141,-0.0119818158714372,0.0292287809280116,0.0122531142851702,-0.0024979741935139,0.2643954788335577,-0.2788295816934797,-0.0119348155118611
-0.4828051591286456,-0.0360913498202738,-0.3107876914955107,0.3298837045300646,0.0137406881907830,-0.0139507912163891,-0.0319169958242988,0.0163174209792569,0.0476880117141662,0.3319682847509104,-0.3039753575646482,-0.0149801202751233
-0.4378336598937668,-0.0244277846448478,-0.2808774127908652,0.2956860640217474,0.0118181327740873,-0.0158120708166987,-0.1095522403407128,0.0236319576696471,0.1102372783052429,0.4144794111093441,-0.3318676187595015,-0.0174487885600267
-0.3907770986532714,-0.0139574525904074,-0.2498681818961297,0.2652653009988180,0.0056651235026413,-0.0174383632911763,-0.1980260120082304,0.0354614475377285,0.1798060562164835,0.5040411986079442,-0.3478089728115704,-0.0188618332792297
-0.3420655581768720,-0.0048415968246453,-0.2178979182517750,0.2382376078106432,-0.0039687518177682,-0.0187220214005806,-0.2895443046001654,0.0516018726401765,0.2492728734051345,0.5905773675885023,-0.3489874358007231,-0.0186005197096956
-0.2922088815131499,0.0027820430680975,-0.1851921758806974,0.2142641032480203,-0.0163938615551296,-0.0195819832458819,-0.3793666227246940,0.0712069134598942,0.3145830796545683,0.6714023036865457,-0.3490610897375452,-0.0170394066543120
-0.2418044428699437,0.0088107606454743,-0.1520718893938534,0.1930679167302096,-0.0309875627325056,-0.0199664309695062,-0.4622966703089360,0.0922735649261971,0.3717175438094053,0.7407176961218583,-0.3490656931085965,-0.0145775366824881
-0.1915338529943219,0.0131885859375087,-0.1189504629204662,0.1744406738136273,-0.0471927726384975,-0.0198522178011288,-0.5348385334531610,0.1124415214075721,0.4184620240910146,0.7942577162623325,-0.3490659808192872,-0.0116641389601301
-0.1421519329443421,0.0159160298630986,-0.0863231618359488,0.1582451059999256,-0.0645137318572210,-0.0192419727844554,-0.5953693400279061,0.1297194457235512,0.4543397535388166,0.8301158477194212,-0.3490659988012055,-0.0087038219043746
-0.0944716346232065,0.0170564648415391,-0.0547521772065917,0.1444180509880232,-0.0825123061138805,-0.0181596302059633,-0.6433256773731776,0.1426945809658234,0.4797609735116553,0.8476869101482875,-0.3459210837709650,-0.0059856770712465
-0.0493490831116475,0.0167383490391558,-0.0248512927492047,0.1329767390243130,-0.1008067836223302,-0.0166449956659443,-0.6773332858453474,0.1498575406396702,0.4945905135244696,0.8412338040720988,-0.3118859117683033,-0.0031853727495084
-0.0076731883851606,0.0151530257848608,0.0027255834350948,0.1240306783858243,-0.1190744289965743,-0.0147478656765969,-0.6991592328519091,0.1516888329904869,0.5007475828906699,0.8177541401320683,-0.2714130818282372,-0.0007917428048793
0.0296359017986045,0.0125481814629131,0.0272878778147015,0.1178014005988153,-0.1370588412564925,-0.0125221640864124,-0.7098632864869059,0.1487310921673720,0.4994660274918642,0.7809684223237595,-0.2278042664175801,0.0010266563691428
0.0616158582219648,0.0092170671750914,0.0481002272282641,0.1146525911131245,-0.1545832616036177,-0.0100205497726447,-0.7103901144865949,0.1416878746226535,0.4917885642703645,0.7340487569098781,-0.1832300851383842,0.0023679650804449
0.0872360409542937,0.0054830807610918,0.0643601217337436,0.1151334353455694,-0.1715712081078801,-0.0072900004590787,-0.7018536152211621,0.1314589164208023,0.4787833981385251,0.6803817301686744,-0.1398613826581218,0.0034114495382336
0.1053548694612826,0.0016780165176020,0.0751600563909716,0.1200377521513062,-0.1880758526936015,-0.0043690220856907,-0.6854951399744488,0.1190053900479287,0.4615221586757103,0.6233272708743061,-0.0997472469572520,0.0043660408395932
0.1146620808150881,-0.0018901030409173,0.0794357057349683,0.1304791654639479,-0.2043186048996928,-0.0012874350981437,-0.6625800878602938,0.1052190971445363,0.4410041489839087,0.5658964679616048,-0.0646152305627608,0.0054194069708837
0.1136141537209063,-0.0049874950308328,0.0759085821573080,0.1479745070381071,-0.2207334564717365,0.0019297665890987,-0.6342675291553673,0.0908323513904885,0.4180607698341587,0.5104581687393505,-0.0356782015859596,0.0066981759411608
0.1003892154377890,-0.0075360035861750,0.0630493567935725,0.1745055716380097,-0.2380022910156709,0.0052521746347192,-0.6015091030975540,0.0763901738199862,0.3932898026092539,0.4585879697261222,-0.0135382376672496,0.0082486652174332
0.0729304539896220,-0.0097396069968141,0.0391287625970650,0.2124776593390861,-0.2570391413965166,0.0086243256396935,-0.5650199172975061,0.0622774862862062,0.3670525667964353,0.4111058022736375,0.0017720789372932,0.0100398156287288
0.0292287809278485,-0.0122531142851796,0.0024979741933790,0.2643954788337434,-0.2788295816935535,0.0119348155118712,-0.5253190287860856,0.0487716500830364,0.3395273341131552,0.3682489008908739,0.0106476176534322,0.0119818158714432
-0.0319169958245206,-0.0163174209792740,-0.0476880117143469,0.3319682847511498,-0.3039753575647334,0.0149801202751321,-0.4828051591285057,0.0360913498202348,0.3107876914954170,0.3298837045299490,0.0137406881907843,0.0139507912163953
-0.1095522403409776,-0.0236319576696768,-0.1102372783054543,0.4144794111096221,-0.3318676187595921,0.0174487885600331,-0.4378336598936243,0.0244277846448135,0.2808774127907708,0.2956860640216478,0.0118181327740743,0.0158120708167041
-0.1980260120085127,-0.0354614475377722,-0.1798060562167020,0.5040411986082184,-0.3478089728115816,0.0188618332792313,-0.3907770986531236,0.0139574525903770,0.2498681818960324,0.2652653009987303,0.0056651235026157,0.0174383632911808
-0.2895443046004524,-0.0516018726402335,-0.2492728734053483,0.5905773675887692,-0.3489874358007238,0.0186005197096925,-0.3420655581767209,0.0048415968246196,0.2178979182516761,0.2382376078105667,-0.0039687518178026,0.0187220214005838
-0.3793666227249671,-0.0712069134599594,-0.3145830796547624,0.6714023036867859,-0.3490610897375452,0.0170394066543054,-0.2922088815129960,-0.0027820430681184,0.1851921758805964,0.2142641032479523,-0.0163938615551709,0.0195819832458838
-0.4622966703091795,-0.0922735649262627,-0.3717175438095682,0.7407176961220524,-0.3490656931085965,0.0145775366824797,-0.2418044428697882,-0.0088107606454904,0.1520718893937511,0.1930679167301491,-0.0309875627325553,0.0199664309695069
-0.5348385334533734,-0.1124415214076326,-0.4184620240911458,0.7942577162624749,-0.3490659808192872,0.0116641389601206,-0.1915338529941626,-0.0131885859375201,0.1189504629203610,0.1744406738135721,-0.0471927726385533,0.0198522178011277
-0.5953693400280795,-0.1297194457236001,-0.4543397535389140,0.8301158477195067,-0.3490659988012054,0.0087038219043655,-0.1421519329441872,-0.0159160298631048,0.0863231618358463,0.1582451059998786,-0.0645137318572802,0.0192419727844527
-0.6433256773733038,-0.1426945809658548,-0.4797609735117166,0.8476869101483038,-0.3459210837708810,0.0059856770712388,-0.0944716346230629,-0.0170564648415402,0.0547521772064966,0.1444180509879848,-0.0825123061139372,0.0181596302059592
-0.6773332858454340,-0.1498575406396840,-0.4945905135245016,0.8412338040720508,-0.3118859117681838,0.0031853727494999,-0.0493490831115136,-0.0167383490391527,0.0248512927491161,0.1329767390242819,-0.1008067836223833,0.0166449956659382
-0.6991592328519592,-0.1516888329904849,-0.5007475828906771,0.8177541401319733,-0.2714130818281039,0.0007917428048726,-0.0076731883850386,-0.0151530257848543,-0.0027255834351755,0.1240306783858013,-0.1190744289966305,0.0147478656765923
-0.7098632864869230,-0.1487310921673561,-0.4994660274918500,0.7809684223236284,-0.2278042664174426,-0.0010266563691476,0.0296359017987117,-0.0125481814629037,-0.0272878778147718,0.1178014005988014,-0.1370588412565477,0.0125221640864050
-0.7103901144865817,-0.1416878746226256,-0.4917885642703311,0.7340487569097165,-0.1832300851382438,-0.0023679650804484,0.0616158582220566,-0.0092170671750800,-0.0481002272283232,0.1146525911131210,-0.1545832616036743,0.0100205497726363
-0.7018536152211219,-0.1314589164207657,-0.4787833981384765,0.6803817301684965,-0.1398613826579888,-0.0034114495382365,0.0872360409543637,-0.0054830807610796,-0.0643601217337870,0.1151334353455781,-0.1715712081079342,0.0072900004590696
-0.6854951399743872,-0.1190053900478875,-0.4615221586756512,0.6233272708741270,-0.0997472469571345,-0.0043660408395962,0.1053548694613255,-0.0016780165175905,-0.0751600563909954,0.1200377521513295,-0.1880758526936514,0.0043690220856816
-0.6625800878602133,-0.1052190971444921,-0.4410041489838405,0.5658964679614276,-0.0646152305626605,-0.0054194069708874,0.1146620808151017,0.0018901030409277,-0.0794357057349701,0.1304791654639904,-0.2043186048997429,0.0012874350981339
-0.6342675291552715,-0.0908323513904435,-0.4180607698340842,0.5104581687391827,-0.0356782015858798,-0.0066981759411652,0.1136141537208851,0.0049874950308416,-0.0759085821572834,0.1479745070381742,-0.2207334564717884,-0.0019297665891089
-0.6015091030974459,-0.0763901738199416,-0.3932898026091746,0.4585879697259673,-0.0135382376671914,-0.0082486652174385,0.1003892154377273,0.0075360035861822,-0.0630493567935164,0.1745055716381079,-0.2380022910157254,-0.0052521746347293
-0.5650199172973835,-0.0622774862861617,-0.3670525667963490,0.4111058022734922,0.0017720789373321,-0.0100398156287349,0.0729304539895108,0.0097396069968211,-0.0391287625969704,0.2124776593392265,-0.2570391413965797,-0.0086243256397038
-0.5253190287859532,-0.0487716500829942,-0.3395273341130648,0.3682489008907430,0.0106476176534513,-0.0119818158714497,0.0292287809276838,0.0122531142851892,-0.0024979741932423,0.2643954788339302,-0.2788295816936285,-0.0119348155118818
-0.4828051591283696,-0.0360913498201969,-0.3107876914953259,0.3298837045298360,0.0137406881907859,-0.0139507912164014,-0.0319169958247359,0.0163174209792907,0.0476880117145220,0.3319682847513823,-0.3039753575648160,-0.0149801202751408
-0.4378336598934818,-0.0244277846447792,-0.2808774127906767,0.2956860640215483,0.0118181327740617,-0.0158120708167095,-0.1095522403412401,0.0236319576697062,0.1102372783056635,0.4144794111098972,-0.3318676187596786,-0.0174487885600395
-0.3907770986529752,-0.0139574525903468,-0.2498681818959351,0.2652653009986420,0.0056651235025914,-0.0174383632911852,-0.1980260120087945,0.0354614475378159,0.1798060562169199,0.5040411986084928,-0.3478089728115928,-0.0188618332792329
-0.3420655581765669,-0.0048415968245934,-0.2178979182515751,0.2382376078104865,-0.0039687518178366,-0.0187220214005872,-0.2895443046007349,0.0516018726402893,0.2492728734055582,0.5905773675890300,-0.3489874358007245,-0.0186005197096894
-0.2922088815128341,0.0027820430681405,-0.1851921758804899,0.2142641032478785,-0.0163938615552152,-0.0195819832458858,-0.3793666227252416,0.0712069134600244,0.3145830796549565,0.6714023036870230,-0.3490610897375453,-0.0170394066542989
-0.2418044428696255,0.0088107606455073,-0.1520718893936437,0.1930679167300837,-0.0309875627326052,-0.0199664309695073,-0.4622966703094258,0.0922735649263285,0.3717175438097319,0.7407176961222456,-0.3490656931085965,-0.0145775366824709
-0.1915338529940069,0.0131885859375312,-0.1189504629202581,0.1744406738135169,-0.0471927726386050,-0.0198522178011266,-0.5348385334535790,0.1124415214076911,0.4184620240912733,0.7942577162626125,-0.3490659808192872,-0.0116641389601114
-0.1421519329440362,0.0159160298631107,-0.0863231618357467,0.1582451059998316,-0.0645137318573352,-0.0192419727844509,-0.5953693400282474,0.1297194457236474,0.4543397535390084,0.8301158477195899,-0.3490659988012054,-0.0087038219043565
-0.0944716346229185,0.0170564648415414,-0.0547521772064010,0.1444180509879450,-0.0825123061139912,-0.0181596302059552,-0.6433256773734293,0.1426945809658857,0.4797609735117775,0.8476869101483188,-0.3459210837707949,-0.0059856770712310
-0.0493490831113779,0.0167383490391496,-0.0248512927490262,0.1329767390242492,-0.1008067836224396,-0.0166449956659328,-0.6773332858455191,0.1498575406396974,0.4945905135245331,0.8412338040720010,-0.3118859117680651,-0.0031853727494916
-0.0076731883849112,0.0151530257848474,0.0027255834352596,0.1240306783857762,-0.1190744289966898,-0.0147478656765855,-0.6991592328520104,0.1516888329904827,0.5007475828906841,0.8177541401318760,-0.2714130818279707,-0.0007917428048661
0.0296359017988233,0.0125481814628941,0.0272878778148450,0.1178014005987858,-0.1370588412566059,-0.0125221640863973,-0.7098632864869404,0.1487310921673398,0.4994660274918353,0.7809684223234937,-0.2278042664173024,0.0010266563691524
0.0616158582221469,0.0092170671750689,0.0481002272283815,0.1146525911131159,-0.1545832616037275,-0.0100205497726282,-0.7103901144865687,0.1416878746225984,0.4917885642702985,0.7340487569095591,-0.1832300851381067,0.0023679650804520
0.0872360409544325,0.0054830807610678,0.0643601217338297,0.1151334353455852,-0.1715712081079851,-0.0072900004590609,-0.7018536152210821,0.1314589164207299,0.4787833981384288,0.6803817301683226,-0.1398613826578572,0.0034114495382396
0.1053548694613691,0.0016780165175789,0.0751600563910195,0.1200377521513521,-0.1880758526937014,-0.0043690220856723,-0.6854951399743258,0.1190053900478462,0.4615221586755914,0.6233272708739481,-0.0997472469570147,0.0043660408395990
0.1146620808151154,-0.0018901030409381,0.0794357057349721,0.1304791654640325,-0.2043186048997930,-0.0012874350981241,-0.6625800878601338,0.1052190971444483,0.4410041489837731,0.5658964679612525,-0.0646152305625611,0.0054194069708910
0.1136141537208635,-0.0049874950308505,0.0759085821572582,0.1479745070382433,-0.2207334564718417,0.0019297665891193,-0.6342675291551746,0.0908323513903975,0.4180607698340083,0.5104581687390118,-0.0356782015857986,0.0066981759411697
0.1003892154376639,-0.0075360035861896,0.0630493567934591,0.1745055716382090,-0.2380022910157834,0.0052521746347402,-0.6015091030973360,0.0763901738198960,0.3932898026090935,0.4585879697258096,-0.0135382376671322,0.0082486652174438
0.0729304539894009,-0.0097396069968280,0.0391287625968769,0.2124776593393653,-0.2570391413966429,0.0086243256397143,-0.5650199172972661,0.0622774862861191,0.3670525667962663,0.4111058022733534,0.0017720789373689,0.0100398156287408
0.0292287809275196,-0.0122531142851986,0.0024979741931063,0.2643954788341177,-0.2788295816937021,0.0119348155118919,-0.5253190287858268,0.0487716500829538,0.3395273341129784,0.3682489008906189,0.0106476176534689,0.0119818158714558
-0.0319169958249548,-0.0163174209793075,-0.0476880117147000,0.3319682847516197,-0.3039753575648987,0.0149801202751494,-0.4828051591282353,0.0360913498201594,0.3107876914952359,0.3298837045297258,0.0137406881907868,0.0139507912164073
-0.1095522403415048,-0.0236319576697359,-0.1102372783058747,0.4144794111101753,-0.3318676187597693,0.0174487885600459,-0.4378336598933396,0.0244277846447449,0.2808774127905827,0.2956860640214494,0.0118181327740485,0.0158120708167149
-0.1980260120090825,-0.0354614475378603,-0.1798060562171428,0.5040411986087714,-0.3478089728116039,0.0188618332792347,-0.3907770986528220,0.0139574525903154,0.2498681818958344,0.2652653009985500,0.0056651235025652,0.0174383632911901
-0.2895443046010261,-0.0516018726403467,-0.2492728734057744,0.5905773675892980,-0.3489874358007252,0.0186005197096864,-0.3420655581764095,0.0048415968245667,0.2178979182514718,0.2382376078104056,-0.0039687518178738,0.0187220214005908
-0.3793666227255130,-0.0712069134600891,-0.3145830796551489,0.6714023036872606,-0.3490610897375453,0.0170394066542925,-0.2922088815126792,-0.0027820430681616,0.1851921758803882,0.2142641032478096,-0.0163938615552576,0.0195819832458877
-0.4622966703096703,-0.0922735649263943,-0.3717175438098952,0.7407176961224409,-0.3490656931085965,0.0145775366824623,-0.2418044428694708,-0.0088107606455231,0.1520718893935422,0.1930679167300236,-0.0309875627326506,0.0199664309695074
-0.5348385334537880,-0.1124415214077509,-0.4184620240914028,0.7942577162627551,-0.3490659808192872,0.0116641389601019,-0.1915338529938539,-0.0131885859375420,0.1189504629201576,0.1744406738134649,-0.0471927726386576,0.0198522178011259
-0.5953693400284168,-0.1297194457236953,-0.4543397535391037,0.8301158477196744,-0.3490659988012055,0.0087038219043476,-0.1421519329438864,-0.0159160298631166,0.0863231618356476,0.1582451059997861,-0.0645137318573887,0.0192419727844477
-0.6433256773735589,-0.1426945809659178,-0.4797609735118405,0.8476869101483351,-0.3459210837707101,0.0059856770712233,-0.0944716346227706,-0.0170564648415426,0.0547521772063028,0.1444180509879054,-0.0825123061140514,0.0181596302059510
-0.6773332858456076,-0.1498575406397116,-0.4945905135245659,0.8412338040719513,-0.3118859117679458,0.0031853727494832,-0.0493490831112396,-0.0167383490391464,0.0248512927489346,0.1329767390242178,-0.1008067836224998,0.0166449956659268
-0.6991592328520605,-0.1516888329904807,-0.5007475828906913,0.8177541401317812,-0.2714130818278392,0.0007917428048595,-0.0076731883847892,-0.0151530257848407,-0.0027255834353402,0.1240306783857533,-0.1190744289967449,0.0147478656765775
-0.7098632864869571,-0.1487310921673237,-0.4994660274918207,0.7809684223233616,-0.2278042664171631,-0.0010266563691573,0.0296359017989305,-0.0125481814628848,-0.0272878778149152,0.1178014005987715,-0.1370588412566597,0.0125221640863901
-0.7103901144865553,-0.1416878746225709,-0.4917885642702656,0.7340487569094006,-0.1832300851379680,-0.0023679650804557,0.0616158582222363,-0.0092170671750578,-0.0481002272284383,0.1146525911131115,-0.1545832616037794,0.0100205497726216
-0.7018536152210434,-0.1314589164206945,-0.4787833981383816,0.6803817301681498,-0.1398613826577283,-0.0034114495382426,0.0872360409545004,-0.0054830807610559,-0.0643601217338721,0.1151334353455937,-0.1715712081080378,0.0072900004590514
-0.6854951399742625,-0.1190053900478041,-0.4615221586755311,0.6233272708737645,-0.0997472469568955,-0.0043660408396022,0.1053548694614132,-0.0016780165175670,-0.0751600563910439,0.1200377521513765,-0.1880758526937541,0.0043690220856626
-0.6625800878600516,-0.1052190971444031,-0.4410041489837036,0.5658964679610717,-0.0646152305624588,-0.0054194069708945,0.1146620808151295,0.0018901030409488,-0.0794357057349740,0.1304791654640763,-0.2043186048998450,0.0012874350981141
-0.6342675291550790,-0.0908323513903525,-0.4180607698339338,0.5104581687388445,-0.0356782015857192,-0.0066981759411741,0.1136141537208426,0.0049874950308593,-0.0759085821572337,0.1479745070383101,-0.2207334564718925,-0.0019297665891294
-0.6015091030972276,-0.0763901738198515,-0.3932898026090139,0.4585879697256543,-0.0135382376670739,-0.0082486652174490,0.1003892154376017,0.0075360035861967,-0.0630493567934030,0.1745055716383079,-0.2380022910158392,-0.0052521746347504
-0.5650199172971474,-0.0622774862860760,-0.3670525667961826,0.4111058022732130,0.0017720789374062,-0.0100398156287466,0.0729304539892914,0.0097396069968348,-0.0391287625967836,0.2124776593395037,-0.2570391413967066,-0.0086243256397250
-0.5253190287856987,-0.0487716500829130,-0.3395273341128908,0.3682489008904927,0.0106476176534873,-0.0119818158714619,0.0292287809273582,0.0122531142852080,-0.0024979741929726,0.2643954788343015,-0.2788295816937739,-0.0119348155119017
-0.4828051591280941,-0.0360913498201201,-0.3107876914951413,0.3298837045296083,0.0137406881907887,-0.0139507912164135,-0.0319169958251738,0.0163174209793245,0.0476880117148783,0.3319682847518554,-0.3039753575649829,-0.0149801202751584
-0.4378336598931915,-0.0244277846447092,-0.2808774127904846,0.2956860640213447,0.0118181327740359,-0.0158120708167207,-0.1095522403417712,0.0236319576697658,0.1102372783060871,0.4144794111104529,-0.3318676187598575,-0.0174487885600522
-0.3907770986526730,-0.0139574525902848,-0.2498681818957364,0.2652653009984605,0.0056651235025412,-0.0174383632911946,-0.1980260120093625,0.0354614475379037,0.1798060562173593,0.5040411986090428,-0.3478089728116149,-0.0188618332792363
-0.3420655581762564,-0.0048415968245407,-0.2178979182513717,0.2382376078103265,-0.0039687518179066,-0.0187220214005941,-0.2895443046013103,0.0516018726404031,0.2492728734059863,0.5905773675895611,-0.3489874358007259,-0.0186005197096833
-0.2922088815125238,0.0027820430681826,-0.1851921758802864,0.2142641032477399,-0.0163938615552978,-0.0195819832458894,-0.3793666227257836,0.0712069134601536,0.3145830796553408,0.6714023036874974,-0.3490610897375453,-0.0170394066542858
-0.2418044428693138,0.0088107606455394,-0.1520718893934388,0.1930679167299612,-0.0309875627326984,-0.0199664309695078,-0.4622966703099114,0.0922735649264591,0.3717175438100561,0.7407176961226316,-0.3490656931085966,-0.0145775366824537
-0.1915338529936932,0.0131885859375535,-0.1189504629200515,0.1744406738134084,-0.0471927726387141,-0.0198522178011251,-0.5348385334539976,0.1124415214078105,0.4184620240915324,0.7942577162628937,-0.3490659808192872,-0.0116641389600926
-0.1421519329437295,0.0159160298631228,-0.0863231618355437,0.1582451059997368,-0.0645137318574469,-0.0192419727844449,-0.5953693400285881,0.1297194457237434,0.4543397535392001,0.8301158477197572,-0.3490659988012054,-0.0087038219043385
-0.0944716346226254,0.0170564648415439,-0.0547521772062068,0.1444180509878654,-0.0825123061141078,-0.0181596302059470,-0.6433256773736842,0.1426945809659488,0.4797609735119013,0.8476869101483500,-0.3459210837706256,-0.0059856770712156
-0.0493490831111043,0.0167383490391433,-0.0248512927488450,0.1329767390241852,-0.1008067836225542,-0.0166449956659215,-0.6773332858456929,0.1498575406397250,0.4945905135245973,0.8412338040719013,-0.3118859117678249,-0.0031853727494748
-0.0076731883846658,0.0151530257848341,0.0027255834354216,0.1240306783857286,-0.1190744289967991,-0.0147478656765713,-0.6991592328521101,0.1516888329904785,0.5007475828906982,0.8177541401316857,-0.2714130818277061,-0.0007917428048529
0.0296359017990390,0.0125481814628754,0.0272878778149863,0.1178014005987559,-0.1370588412567144,-0.0125221640863828,-0.7098632864869738,0.1487310921673078,0.4994660274918062,0.7809684223232304,-0.2278042664170253,0.0010266563691622
0.0616158582223291,0.0092170671750463,0.0481002272284989,0.1146525911131066,-0.1545832616038357,-0.0100205497726116,-0.7103901144865424,0.1416878746225431,0.4917885642702324,0.7340487569092398,-0.1832300851378287,0.0023679650804593
0.0872360409545711,0.0054830807610437,0.0643601217339157,0.1151334353456016,-0.1715712081080912,-0.0072900004590429,-0.7018536152210033,0.1314589164206580,0.4787833981383334,0.6803817301679722,-0.1398613826575960,0.0034114495382457
0.1053548694614567,0.0016780165175554,0.0751600563910681,0.1200377521513992,-0.1880758526938045,-0.0043690220856534,-0.6854951399742015,0.1190053900477630,0.4615221586754715,0.6233272708735862,-0.0997472469567802,0.0043660408396054
0.1146620808151432,-0.0018901030409593,0.0794357057349760,0.1304791654641184,-0.2043186048998951,-0.0012874350981042,-0.6625800878599717,0.1052190971443591,0.4410041489836358,0.5658964679608957,-0.0646152305623587,0.0054194069708981
0.1136141537208212,-0.0049874950308680,0.0759085821572089,0.1479745070383775,-0.2207334564719444,0.0019297665891396,-0.6342675291549843,0.0908323513903077,0.4180607698338598,0.5104581687386779,-0.0356782015856399,0.0066981759411785
0.1003892154375394,-0.0075360035862039,0.0630493567933467,0.1745055716384071,-0.2380022910158951,0.0052521746347609,-0.6015091030971206,0.0763901738198072,0.3932898026089351,0.4585879697255010,-0.0135382376670163,0.0082486652174542
0.0729304539891795,-0.0097396069968418,0.0391287625966882,0.2124776593396446,-0.2570391413967694,0.0086243256397354,-0.5650199172970261,0.0622774862860319,0.3670525667960970,0.4111058022730691,0.0017720789374444,0.0100398156287527
0.0292287809271916,-0.0122531142852176,0.0024979741928347,0.2643954788344909,-0.2788295816938493,0.0119348155119120,-0.5253190287855677,0.0487716500828711,0.3395273341128013,0.3682489008903633,0.0106476176535061,0.0119818158714683
-0.0319169958253919,-0.0163174209793413,-0.0476880117150556,0.3319682847520915,-0.3039753575650663,0.0149801202751670,-0.4828051591279592,0.0360913498200826,0.3107876914950509,0.3298837045294971,0.0137406881907898,0.0139507912164194
-0.1095522403420352,-0.0236319576697955,-0.1102372783062976,0.4144794111107299,-0.3318676187599482,0.0174487885600587,-0.4378336598930493,0.0244277846446750,0.2808774127903906,0.2956860640212456,0.0118181327740222,0.0158120708167262
-0.1980260120096469,-0.0354614475379478,-0.1798060562175791,0.5040411986093202,-0.3478089728116261,0.0188618332792379,-0.3907770986525260,0.0139574525902547,0.2498681818956396,0.2652653009983738,0.0056651235025165,0.0174383632911990
-0.2895443046015960,-0.0516018726404597,-0.2492728734061986,0.5905773675898259,-0.3489874358007266,0.0186005197096803,-0.3420655581761046,0.0048415968245149,0.2178979182512717,0.2382376078102488,-0.0039687518179405,0.0187220214005973
-0.3793666227260596,-0.0712069134602190,-0.3145830796555361,0.6714023036877365,-0.3490610897375454,0.0170394066542792,-0.2922088815123638,-0.0027820430682045,0.1851921758801814,0.2142641032476684,-0.0163938615553432,0.0195819832458917
-0.4622966703101598,-0.0922735649265257,-0.3717175438102218,0.7407176961228275,-0.3490656931085966,0.0145775366824450,-0.2418044428691529,-0.0088107606455560,0.1520718893933330,0.1930679167298980,-0.0309875627327510,0.0199664309695087
-0.5348385334542057,-0.1124415214078698,-0.4184620240916613,0.7942577162630344,-0.3490659808192872,0.0116641389600833,-0.1915338529935388,-0.0131885859375644,0.1189504629199497,0.1744406738133549,-0.0471927726387665,0.0198522178011239
-0.5953693400287574,-0.1297194457237913,-0.4543397535392953,0.8301158477198418,-0.3490659988012054,0.0087038219043296,-0.1421519329435798,-0.0159160298631287,0.0863231618354445,0.1582451059996914,-0.0645137318575015,0.0192419727844421
-0.6433256773738109,-0.1426945809659803,-0.4797609735119630,0.8476869101483671,-0.3459210837705399,0.0059856770712078,-0.0944716346224825,-0.0170564648415450,0.0547521772061121,0.1444180509878271,-0.0825123061141623,0.0181596302059431
-0.6773332858457790,-0.1498575406397387,-0.4945905135246292,0.8412338040718529,-0.3118859117677070,0.0031853727494664,-0.0493490831109700,-0.0167383490391403,0.0248512927487562,0.1329767390241544,-0.1008067836226137,0.0166449956659177
-0.6991592328521622,-0.1516888329904766,-0.5007475828907058,0.8177541401315891,-0.2714130818275732,0.0007917428048464,-0.0076731883845399,-0.0151530257848273,-0.0027255834355048,0.1240306783857050,-0.1190744289968586,0.0147478656765645
-0.7098632864869917,-0.1487310921672917,-0.4994660274917916,0.7809684223230959,-0.2278042664168854,-0.0010266563691670,0.0296359017991494,-0.0125481814628658,-0.0272878778150587,0.1178014005987417,-0.1370588412567730,0.0125221640863751
-0.7103901144865292,-0.1416878746225158,-0.4917885642701998,0.7340487569090818,-0.1832300851376907,-0.0023679650804629,0.0616158582224184,-0.0092170671750352,-0.0481002272285564,0.1146525911131028,-0.1545832616038897,0.0100205497726034
-0.7018536152209640,-0.1314589164206223,-0.4787833981382860,0.6803817301677990,-0.1398613826574657,-0.0034114495382487,0.0872360409546391,-0.0054830807610319,-0.0643601217339580,0.1151334353456099,-0.1715712081081438,0.0072900004590335
-0.6854951399741394,-0.1190053900477216,-0.4615221586754121,0.6233272708734062,-0.0997472469566616,-0.0043660408396085,0.1053548694614997,-0.0016780165175438,-0.0751600563910919,0.1200377521514225,-0.1880758526938554,0.0043690220856439
-0.6625800878598916,-0.1052190971443151,-0.4410041489835679,0.5658964679607195,-0.0646152305622590,-0.0054194069709017,0.1146620808151568,0.0018901030409697,-0.0794357057349778,0.1304791654641609,-0.2043186048999455,0.0012874350980945
-0.6342675291548863,-0.0908323513902614,-0.4180607698337834,0.5104581687385059,-0.0356782015855583,-0.0066981759411829,0.1136141537207998,0.0049874950308770,-0.0759085821571839,0.1479745070384459,-0.2207334564719974,-0.0019297665891500
-0.6015091030970094,-0.0763901738197613,-0.3932898026088534,0.4585879697253419,-0.0135382376669566,-0.0082486652174596,0.1003892154374765,0.0075360035862112,-0.0630493567932896,0.1745055716385074,-0.2380022910159518,-0.0052521746347714
-0.5650199172969075,-0.0622774862859889,-0.3670525667960134,0.4111058022729289,0.0017720789374817,-0.0100398156287585,0.0729304539890705,0.0097396069968486,-0.0391287625965954,0.2124776593397825,-0.2570391413968323,-0.0086243256397458
-0.5253190287854393,-0.0487716500828303,-0.3395273341127135,0.3682489008902365,0.0106476176535247,-0.0119818158714744,0.0292287809270301,0.0122531142852271,-0.0024979741927005,0.2643954788346747,-0.2788295816939182,-0.0119348155119211
-0.4828051591278234,-0.0360913498200448,-0.3107876914949602,0.3298837045293849,0.0137406881907915,-0.0139507912164254,-0.0319169958256089,0.0163174209793581,0.0476880117152323,0.3319682847523269,-0.3039753575651496,-0.0149801202751759
-0.4378336598929064,-0.0244277846446407,-0.2808774127902962,0.2956860640211458,0.0118181327740101,-0.0158120708167315,-0.1095522403422985,0.0236319576698250,0.1102372783065076,0.4144794111110064,-0.3318676187600361,-0.0174487885600652
-0.3907770986523715,-0.0139574525902232,-0.2498681818955385,0.2652653009982806,0.0056651235024905,-0.0174383632912039,-0.1980260120099316,0.0354614475379918,0.1798060562177992,0.5040411986095948,-0.3478089728116373,-0.0188618332792396
-0.3420655581759453,-0.0048415968244877,-0.2178979182511672,0.2382376078101655,-0.0039687518179769,-0.0187220214006010,-0.2895443046018842,0.0516018726405166,0.2492728734064132,0.5905773675900903,-0.3489874358007273,-0.0186005197096773
-0.2922088815122071,0.0027820430682258,-0.1851921758800785,0.2142641032475972,-0.0163938615553844,-0.0195819832458936,-0.3793666227263294,0.0712069134602834,0.3145830796557277,0.6714023036879720,-0.3490610897375455,-0.0170394066542729
-0.2418044428689957,0.0088107606455722,-0.1520718893932297,0.1930679167298355,-0.0309875627327988,-0.0199664309695091,-0.4622966703104014,0.0922735649265906,0.3717175438103829,0.7407176961230191,-0.3490656931085966,-0.0145775366824365
-0.1915338529933842,0.0131885859375753,-0.1189504629198475,0.1744406738133006,-0.0471927726388143,-0.0198522178011221,-0.5348385334544126,0.1124415214079289,0.4184620240917896,0.7942577162631744,-0.3490659808192872,-0.0116641389600739
-0.1421519329434287,0.0159160298631346,-0.0863231618353446,0.1582451059996442,-0.0645137318575538,-0.0192419727844394,-0.5953693400289255,0.1297194457238387,0.4543397535393900,0.8301158477199252,-0.3490659988012054,-0.0087038219043205
-0.0944716346223329,0.0170564648415462,-0.0547521772060136,0.1444180509877858,-0.0825123061142215,-0.0181596302059388,-0.6433256773739393,0.1426945809660120,0.4797609735120252,0.8476869101483817,-0.3459210837704553,-0.0059856770712001
-0.0493490831108301,0.0167383490391372,-0.0248512927486634,0.1329767390241210,-0.1008067836226740,-0.0166449956659122,-0.6773332858458669,0.1498575406397528,0.4945905135246618,0.8412338040718024,-0.3118859117675872,-0.0031853727494580
-0.0076731883844163,0.0151530257848207,0.0027255834355865,0.1240306783856808,-0.1190744289969165,-0.0147478656765597,-0.6991592328522116,0.1516888329904744,0.5007475828907124,0.8177541401314933,-0.2714130818274415,-0.0007917428048399
0.0296359017992579,0.0125481814628564,0.0272878778151298,0.1178014005987262,-0.1370588412568278,-0.0125221640863677,-0.7098632864870085,0.1487310921672757,0.4994660274917772,0.7809684223229645,-0.2278042664167476,0.0010266563691718
0.0616158582225086,0.0092170671750241,0.0481002272286139,0.1146525911130976,-0.1545832616039413,-0.0100205497725969,-0.7103901144865159,0.1416878746224884,0.4917885642701669,0.7340487569089235,-0.1832300851375518,0.0023679650804666
0.0872360409547080,0.0054830807610200,0.0643601217340006,0.1151334353456169,-0.1715712081081939,-0.0072900004590255,-0.7018536152209244,0.1314589164205865,0.4787833981382379,0.6803817301676252,-0.1398613826573300,0.0034114495382516
0.1053548694615432,0.0016780165175322,0.0751600563911160,0.1200377521514453,-0.1880758526939053,-0.0043690220856347,-0.6854951399740781,0.1190053900476810,0.4615221586753541,0.6233272708732280,-0.0997472469565429,0.0043660408396114
0.1146620808151709,-0.0018901030409805,0.0794357057349798,0.1304791654642045,-0.2043186048999974,-0.0012874350980844,-0.6625800878598100,0.1052190971442701,0.4410041489834988,0.5658964679605397,-0.0646152305621572,0.0054194069709054
0.1136141537207785,-0.0049874950308857,0.0759085821571592,0.1479745070385133,-0.2207334564720493,0.0019297665891601,-0.6342675291547916,0.0908323513902166,0.4180607698337094,0.5104581687383398,-0.0356782015854792,0.0066981759411874
0.1003892154374143,-0.0075360035862183,0.0630493567932334,0.1745055716386064,-0.2380022910160077,0.0052521746347818,-0.6015091030969023,0.0763901738197171,0.3932898026087744,0.4585879697251883,-0.0135382376668989,0.0082486652174648
0.0729304539889598,-0.0097396069968554,0.0391287625965015,0.2124776593399224,-0.2570391413968954,0.0086243256397561,-0.5650199172967899,0.0622774862859463,0.3670525667959306,0.4111058022727897,0.0017720789375185,0.0100398156287642
0.0292287809268660,-0.0122531142852365,0.0024979741925648,0.2643954788348619,-0.2788295816939928,0.0119348155119315,-0.5253190287853128,0.0487716500827899,0.3395273341126270,0.3682489008901126,0.0106476176535420,0.0119818158714804
-0.0319169958258263,-0.0163174209793748,-0.0476880117154092,0.3319682847525618,-0.3039753575652329,0.0149801202751845,-0.4828051591276886,0.0360913498200072,0.3107876914948697,0.3298837045292737,0.0137406881907926,0.0139507912164314
-0.1095522403425676,-0.0236319576698552,-0.1102372783067222,0.4144794111112876,-0.3318676187601279,0.0174487885600717,-0.4378336598927596,0.0244277846446052,0.2808774127901988,0.2956860640210429,0.0118181327739965,0.0158120708167372
-0.1980260120102152,-0.0354614475380357,-0.1798060562180187,0.5040411986098710,-0.3478089728116484,0.0188618332792413,-0.3907770986522235,0.0139574525901928,0.2498681818954407,0.2652653009981923,0.0056651235024656,0.0174383632912083
-0.2895443046021695,-0.0516018726405730,-0.2492728734066253,0.5905773675903544,-0.3489874358007280,0.0186005197096743,-0.3420655581757932,0.0048415968244619,0.2178979182510672,0.2382376078100877,-0.0039687518180119,0.0187220214006043
-0.3793666227266023,-0.0712069134603484,-0.3145830796559210,0.6714023036882119,-0.3490610897375455,0.0170394066542662,-0.2922088815120532,-0.0027820430682467,0.1851921758799775,0.2142641032475293,-0.0163938615554258,0.0195819832458954
-0.4622966703106460,-0.0922735649266565,-0.3717175438105464,0.7407176961232146,-0.3490656931085966,0.0145775366824278,-0.2418044428688413,-0.0088107606455882,0.1520718893931279,0.1930679167297759,-0.0309875627328453,0.0199664309695093
-0.5348385334546200,-0.1124415214079880,-0.4184620240919180,0.7942577162633141,-0.3490659808192872,0.0116641389600646,-0.1915338529932303,-0.0131885859375863,0.1189504629197461,0.1744406738132479,-0.0471927726388689,0.0198522178011216
-0.5953693400290988,-0.1297194457238876,-0.4543397535394876,0.8301158477200109,-0.3490659988012054,0.0087038219043115,-0.1421519329432738,-0.0159160298631407,0.0863231618352421,0.1582451059995970,-0.0645137318576129,0.0192419727844367
-0.6433256773740660,-0.1426945809660434,-0.4797609735120869,0.8476869101483987,-0.3459210837703716,0.0059856770711924,-0.0944716346221894,-0.0170564648415474,0.0547521772059184,0.1444180509877475,-0.0825123061142786,0.0181596302059347
-0.6773332858459531,-0.1498575406397665,-0.4945905135246937,0.8412338040717536,-0.3118859117674693,0.0031853727494497,-0.0493490831106961,-0.0167383490391341,0.0248512927485744,0.1329767390240904,-0.1008067836227297,0.0166449956659059
-0.6991592328522617,-0.1516888329904725,-0.5007475828907195,0.8177541401313984,-0.2714130818273081,0.0007917428048332,-0.0076731883842945,-0.0151530257848141,-0.0027255834356670,0.1240306783856579,-0.1190744289969713,0.0147478656765535
-0.7098632864870253,-0.1487310921672598,-0.4994660274917628,0.7809684223228330,-0.2278042664166083,-0.0010266563691767,0.0296359017993651,-0.0125481814628471,-0.0272878778152000,0.1178014005987118,-0.1370588412568814,0.0125221640863605
-0.7103901144865029,-0.1416878746224612,-0.4917885642701343,0.7340487569087658,-0.1832300851374148,-0.0023679650804701,0.0616158582225979,-0.0092170671750130,-0.0481002272286714,0.1146525911130935,-0.1545832616039948,0.0100205497725887
-0.7018536152208843,-0.1314589164205500,-0.4787833981381894,0.6803817301674476,-0.1398613826572004,-0.0034114495382547,0.0872360409547779,-0.0054830807610079,-0.0643601217340439,0.1151334353456259,-0.1715712081082485,0.0072900004590165
-0.6854951399740150,-0.1190053900476385,-0.4615221586752931,0.6233272708730444,-0.0997472469564221,-0.0043660408396142,0.1053548694615873,-0.0016780165175204,-0.0751600563911405,0.1200377521514695,-0.1880758526939577,0.0043690220856251
-0.6625800878597298,-0.1052190971442260,-0.4410041489834309,0.5658964679603633,-0.0646152305620573,-0.0054194069709090,0.1146620808151845,0.0018901030409908,-0.0794357057349817,0.1304791654642470,-0.2043186049000481,0.0012874350980747
-0.6342675291546959,-0.0908323513901715,-0.4180607698336349,0.5104581687381720,-0.0356782015853996,-0.0066981759411918,0.1136141537207573,0.0049874950308945,-0.0759085821571346,0.1479745070385805,-0.2207334564721012,-0.0019297665891704
-0.6015091030967942,-0.0763901738196727,-0.3932898026086951,0.4585879697250335,-0.0135382376668407,-0.0082486652174700,0.1003892154373522,0.0075360035862255,-0.0630493567931771,0.1745055716387054,-0.2380022910160638,-0.0052521746347924
-0.5650199172966708,-0.0622774862859031,-0.3670525667958467,0.4111058022726489,0.0017720789375560,-0.0100398156287701,0.0729304539888511,0.0097396069968622,-0.0391287625964085,0.2124776593400599,-0.2570391413969585,-0.0086243256397668
-0.5253190287851807,-0.0487716500827478,-0.3395273341125367,0.3682489008899819,0.0106476176535612,-0.0119818158714868,0.0292287809267012,0.0122531142852461,-0.0024979741924280,0.2643954788350490,-0.2788295816940670,-0.0119348155119418
-0.4828051591275476,-0.0360913498199679,-0.3107876914947753,0.3298837045291564,0.0137406881907943,-0.0139507912164377,-0.0319169958260460,0.0163174209793919,0.0476880117155880,0.3319682847527987,-0.3039753575653167,-0.0149801202751933
-0.4378336598926159,-0.0244277846445707,-0.2808774127901040,0.2956860640209419,0.0118181327739840,-0.0158120708167426,-0.1095522403428289,0.0236319576698845,0.1102372783069307,0.4144794111115612,-0.3318676187602151,-0.0174487885600780
-0.3907770986520751,-0.0139574525901625,-0.2498681818953435,0.2652653009981039,0.0056651235024418,-0.0174383632912128,-0.1980260120104970,0.0354614475380795,0.1798060562182367,0.5040411986101452,-0.3478089728116596,-0.0188618332792429
-0.3420655581756404,-0.0048415968244360,-0.2178979182509673,0.2382376078100091,-0.0039687518180453,-0.0187220214006075,-0.2895443046024540,0.0516018726406295,0.2492728734068373,0.5905773675906180,-0.3489874358007287,-0.0186005197096713
-0.2922088815118968,0.0027820430682680,-0.1851921758798750,0.2142641032474586,-0.0163938615554677,-0.0195819832458973,-0.3793666227268713,0.0712069134604124,0.3145830796561119,0.6714023036884458,-0.3490610897375455,-0.0170394066542598
-0.2418044428686786,0.0088107606456050,-0.1520718893930207,0.1930679167297104,-0.0309875627328952,-0.0199664309695098,-0.4622966703108922,0.0922735649267226,0.3717175438107108,0.7407176961234075,-0.3490656931085966,-0.0145775366824193
-0.1915338529930693,0.0131885859375977,-0.1189504629196398,0.1744406738131907,-0.0471927726389231,-0.0198522178011202,-0.5348385334548307,0.1124415214080478,0.4184620240920481,0.7942577162634544,-0.3490659808192873,-0.0116641389600552
-0.1421519329431222,0.0159160298631468,-0.0863231618351417,0.1582451059995496,-0.0645137318576675,-0.0192419727844341,-0.5953693400292662,0.1297194457239348,0.4543397535395817,0.8301158477200928,-0.3490659988012054,-0.0087038219043026
-0.0944716346220449,0.0170564648415486,-0.0547521772058228,0.1444180509877077,-0.0825123061143326,-0.0181596302059308,-0.6433256773741913,0.1426945809660743,0.4797609735121477,0.8476869101484137,-0.3459210837702851,-0.0059856770711847
-0.0493490831105606,0.0167383490391310,-0.0248512927484849,0.1329767390240576,-0.1008067836227853,-0.0166449956659016,-0.6773332858460384,0.1498575406397799,0.4945905135247251,0.8412338040717040,-0.3118859117673485,-0.0031853727494413
-0.0076731883841709,0.0151530257848074,0.0027255834357481,0.1240306783856333,-0.1190744289970270,-0.0147478656765470,-0.6991592328523113,0.1516888329904703,0.5007475828907264,0.8177541401313033,-0.2714130818271766,-0.0007917428048267
0.0296359017994767,0.0125481814628374,0.0272878778152732,0.1178014005986963,-0.1370588412569395,-0.0125221640863528,-0.7098632864870429,0.1487310921672435,0.4994660274917480,0.7809684223226981,-0.2278042664164683,0.0010266563691816
0.0616158582226909,0.0092170671750015,0.0481002272287321,0.1146525911130886,-0.1545832616040514,-0.0100205497725789,-0.7103901144864899,0.1416878746224333,0.4917885642701010,0.7340487569086045,-0.1832300851372748,0.0023679650804737
0.0872360409548466,0.0054830807609959,0.0643601217340866,0.1151334353456332,-0.1715712081083000,-0.0072900004590076,-0.7018536152208454,0.1314589164205144,0.4787833981381420,0.6803817301672748,-0.1398613826570681,0.0034114495382576
0.1053548694616308,0.0016780165175088,0.0751600563911646,0.1200377521514921,-0.1880758526940077,-0.0043690220856159,-0.6854951399739532,0.1190053900475974,0.4615221586752343,0.6233272708728651,-0.0997472469563047,0.0043660408396176
0.1146620808151982,-0.0018901030410013,0.0794357057349836,0.1304791654642893,-0.2043186049000986,-0.0012874350980650,-0.6625800878596499,0.1052190971441821,0.4410041489833632,0.5658964679601874,-0.0646152305619572,0.0054194069709126
0.1136141537207362,-0.0049874950309031,0.0759085821571101,0.1479745070386476,-0.2207334564721530,0.0019297665891805,-0.6342675291546013,0.0908323513901268,0.4180607698335610,0.5104581687380056,-0.0356782015853205,0.0066981759411961
0.1003892154372886,-0.0075360035862329,0.0630493567931196,0.1745055716388065,-0.2380022910161208,0.0052521746348030,-0.6015091030966839,0.0763901738196271,0.3932898026086137,0.4585879697248755,-0.0135382376667814,0.0082486652174753
0.0729304539887388,-0.0097396069968693,0.0391287625963129,0.2124776593402013,-0.2570391413970234,0.0086243256397777,-0.5650199172965497,0.0622774862858591,0.3670525667957613,0.4111058022725054,0.0017720789375941,0.0100398156287762
0.0292287809265380,-0.0122531142852555,0.0024979741922928,0.2643954788352351,-0.2788295816941412,0.0119348155119520,-0.5253190287850539,0.0487716500827073,0.3395273341124500,0.3682489008898571,0.0106476176535790,0.0119818158714930
-0.0319169958262646,-0.0163174209794087,-0.0476880117157659,0.3319682847530356,-0.3039753575654020,0.0149801202752025,-0.4828051591274130,0.0360913498199304,0.3107876914946852,0.3298837045290459,0.0137406881907953,0.0139507912164435
-0.1095522403430949,-0.0236319576699143,-0.1102372783071428,0.4144794111118412,-0.3318676187603056,0.0174487885600845,-0.4378336598924750,0.0244277846445368,0.2808774127900108,0.2956860640208445,0.0118181327739707,0.0158120708167480
-0.1980260120107794,-0.0354614475381231,-0.1798060562184553,0.5040411986104195,-0.3478089728116708,0.0188618332792447,-0.3907770986519273,0.0139574525901322,0.2498681818952465,0.2652653009980162,0.0056651235024165,0.0174383632912173
-0.2895443046027450,-0.0516018726406871,-0.2492728734070537,0.5905773675908857,-0.3489874358007294,0.0186005197096682,-0.3420655581754829,0.0048415968244092,0.2178979182508638,0.2382376078099279,-0.0039687518180819,0.0187220214006110
-0.3793666227271484,-0.0712069134604783,-0.3145830796563084,0.6714023036886869,-0.3490610897375456,0.0170394066542533,-0.2922088815117365,-0.0027820430682899,0.1851921758797695,0.2142641032473865,-0.0163938615555124,0.0195819832458995
-0.4622966703111354,-0.0922735649267879,-0.3717175438108729,0.7407176961236008,-0.3490656931085966,0.0145775366824106,-0.2418044428685232,-0.0088107606456210,0.1520718893929184,0.1930679167296500,-0.0309875627329437,0.0199664309695101
-0.5348385334550391,-0.1124415214081075,-0.4184620240921774,0.7942577162635963,-0.3490659808192873,0.0116641389600456,-0.1915338529929161,-0.0131885859376085,0.1189504629195388,0.1744406738131384,-0.0471927726389739,0.0198522178011190
-0.5953693400294362,-0.1297194457239830,-0.4543397535396776,0.8301158477201787,-0.3490659988012054,0.0087038219042935,-0.1421519329429731,-0.0159160298631525,0.0863231618350430,0.1582451059995047,-0.0645137318577209,0.0192419727844314
-0.6433256773743177,-0.1426945809661056,-0.4797609735122091,0.8476869101484299,-0.3459210837702011,0.0059856770711769,-0.0944716346219016,-0.0170564648415498,0.0547521772057273,0.1444180509876695,-0.0825123061143897,0.0181596302059267
-0.6773332858461268,-0.1498575406397940,-0.4945905135247579,0.8412338040716542,-0.3118859117672292,0.0031853727494328,-0.0493490831104223,-0.0167383490391279,0.0248512927483930,0.1329767390240259,-0.1008067836228445,0.0166449956658950
-0.6991592328523635,-0.1516888329904684,-0.5007475828907340,0.8177541401312067,-0.2714130818270439,0.0007917428048201,-0.0076731883840449,-0.0151530257848006,-0.0027255834358313,0.1240306783856101,-0.1190744289970874,0.0147478656765403
-0.7098632864870598,-0.1487310921672277,-0.4994660274917336,0.7809684223225671,-0.2278042664163308,-0.0010266563691864,0.0296359017995839,-0.0125481814628281,-0.0272878778153435,0.1178014005986821,-0.1370588412569946,0.0125221640863455
-0.7103901144864765,-0.1416878746224060,-0.4917885642700682,0.7340487569084462,-0.1832300851371363,-0.0023679650804775,0.0616158582227801,-0.0092170671749904,-0.0481002272287889,0.1146525911130843,-0.1545832616041032,0.0100205497725723
-0.7018536152208054,-0.1314589164204785,-0.4787833981380941,0.6803817301671002,-0.1398613826569363,-0.0034114495382607,0.0872360409549148,-0.0054830807609841,-0.0643601217341288,0.1151334353456410,-0.1715712081083510,0.0072900004589990
-0.6854951399738917,-0.1190053900475564,-0.4615221586751752,0.6233272708726861,-0.0997472469561873,-0.0043660408396205,0.1053548694616737,-0.0016780165174973,-0.0751600563911884,0.1200377521515156,-0.1880758526940582,0.0043690220856065
-0.6625800878595676,-0.1052190971441367,-0.4410041489832934,0.5658964679600063,-0.0646152305618543,-0.0054194069709160,0.1146620808152122,0.0018901030410120,-0.0794357057349855,0.1304791654643329,-0.2043186049001501,0.0012874350980548
-0.6342675291545031,-0.0908323513900805,-0.4180607698334845,0.5104581687378336,-0.0356782015852388,-0.0066981759412006,0.1136141537207147,0.0049874950309121,-0.0759085821570852,0.1479745070387163,-0.2207334564722065,-0.0019297665891908
-0.6015091030965761,-0.0763901738195826,-0.3932898026085345,0.4585879697247208,-0.0135382376667232,-0.0082486652174805,0.1003892154372271,0.0075360035862401,-0.0630493567930638,0.1745055716389045,-0.2380022910161762,-0.0052521746348134
-0.5650199172964311,-0.0622774862858161,-0.3670525667956779,0.4111058022723651,0.0017720789376314,-0.0100398156287820,0.0729304539886294,0.0097396069968761,-0.0391287625962197,0.2124776593403397,-0.2570391413970864,-0.0086243256397883
-0.5253190287849259,-0.0487716500826667,-0.3395273341123627,0.3682489008897311,0.0106476176535973,-0.0119818158714990,0.0292287809263755,0.0122531142852650,-0.0024979741921578,0.2643954788354201,-0.2788295816942135,-0.0119348155119621
-0.4828051591272766,-0.0360913498198925,-0.3107876914945941,0.3298837045289327,0.0137406881907971,-0.0139507912164496,-0.0319169958264801,0.0163174209794253,0.0476880117159413,0.3319682847532684,-0.3039753575654845,-0.0149801202752113
-0.4378336598923266,-0.0244277846445010,-0.2808774127899126,0.2956860640207395,0.0118181327739577,-0.0158120708167538,-0.1095522403433604,0.0236319576699441,0.1102372783073544,0.4144794111121179,-0.3318676187603946,-0.0174487885600909
-0.3907770986517725,-0.0139574525901005,-0.2498681818951446,0.2652653009979222,0.0056651235023912,-0.0174383632912222,-0.1980260120110647,0.0354614475381672,0.1798060562186758,0.5040411986106949,-0.3478089728116817,-0.0188618332792463
-0.3420655581753291,-0.0048415968243831,-0.2178979182507634,0.2382376078098480,-0.0039687518181168,-0.0187220214006146,-0.2895443046030275,0.0516018726407429,0.2492728734072639,0.5905773675911467,-0.3489874358007301,-0.0186005197096652
-0.2922088815115808,0.0027820430683111,-0.1851921758796676,0.2142641032473166,-0.0163938615555535,-0.0195819832459014,-0.3793666227274186,0.0712069134605426,0.3145830796564998,0.6714023036889231,-0.3490610897375456,-0.0170394066542467
-0.2418044428683668,0.0088107606456371,-0.1520718893928159,0.1930679167295883,-0.0309875627329904,-0.0199664309695106,-0.4622966703113781,0.0922735649268533,0.3717175438110350,0.7407176961237942,-0.3490656931085966,-0.0145775366824019
-0.1915338529927605,0.0131885859376196,-0.1189504629194360,0.1744406738130835,-0.0471927726390256,-0.0198522178011180,-0.5348385334552451,0.1124415214081661,0.4184620240923048,0.7942577162637346,-0.3490659808192873,-0.0116641389600364
-0.1421519329428165,0.0159160298631588,-0.0863231618349396,0.1582451059994555,-0.0645137318577794,-0.0192419727844290,-0.5953693400296073,0.1297194457240309,0.4543397535397735,0.8301158477202610,-0.3490659988012054,-0.0087038219042845
-0.0944716346217519,0.0170564648415511,-0.0547521772056279,0.1444180509876281,-0.0825123061144496,-0.0181596302059224,-0.6433256773744462,0.1426945809661373,0.4797609735122713,0.8476869101484447,-0.3459210837701161,-0.0059856770711692
-0.0493490831102866,0.0167383490391248,-0.0248512927483027,0.1329767390239933,-0.1008067836228995,-0.0166449956658887,-0.6773332858462126,0.1498575406398076,0.4945905135247894,0.8412338040716049,-0.3118859117671108,-0.0031853727494245
-0.0076731883839217,0.0151530257847940,0.0027255834359126,0.1240306783855855,-0.1190744289971415,-0.0147478656765340,-0.6991592328524127,0.1516888329904661,0.5007475828907406,0.8177541401311107,-0.2714130818269102,-0.0007917428048135
0.0296359017996922,0.0125481814628187,0.0272878778154144,0.1178014005986666,-0.1370588412570480,-0.0125221640863382,-0.7098632864870762,0.1487310921672114,0.4994660274917189,0.7809684223224345,-0.2278042664161910,0.0010266563691914
0.0616158582228703,0.0092170671749793,0.0481002272288477,0.1146525911130796,-0.1545832616041572,-0.0100205497725627,-0.7103901144864635,0.1416878746223787,0.4917885642700356,0.7340487569082886,-0.1832300851369989,0.0023679650804811
0.0872360409549853,0.0054830807609719,0.0643601217341726,0.1151334353456491,-0.1715712081084050,-0.0072900004589899,-0.7018536152207657,0.1314589164204421,0.4787833981380459,0.6803817301669232,-0.1398613826568058,0.0034114495382637
0.1053548694617185,0.0016780165174853,0.0751600563912132,0.1200377521515392,-0.1880758526941115,-0.0043690220855968,-0.6854951399738289,0.1190053900475141,0.4615221586751144,0.6233272708725032,-0.0997472469560667,0.0043660408396234
0.1146620808152259,-0.0018901030410224,0.0794357057349873,0.1304791654643753,-0.2043186049002000,-0.0012874350980450,-0.6625800878594879,0.1052190971440928,0.4410041489832259,0.5658964679598308,-0.0646152305617553,0.0054194069709198
0.1136141537206934,-0.0049874950309209,0.0759085821570604,0.1479745070387836,-0.2207334564722585,0.0019297665892011,-0.6342675291544086,0.0908323513900358,0.4180607698334107,0.5104581687376674,-0.0356782015851597,0.0066981759412050
0.1003892154371644,-0.0075360035862472,0.0630493567930070,0.1745055716390042,-0.2380022910162316,0.0052521746348237,-0.6015091030964689,0.0763901738195383,0.3932898026084557,0.4585879697245674,-0.0135382376666656,0.0082486652174858
0.0729304539885195,-0.0097396069968830,0.0391287625961262,0.2124776593404785,-0.2570391413971495,0.0086243256397987,-0.5650199172963133,0.0622774862857733,0.3670525667955947,0.4111058022722259,0.0017720789376683,0.0100398156287878
0.0292287809262097,-0.0122531142852746,0.0024979741920205,0.2643954788356086,-0.2788295816942876,0.0119348155119722,-0.5253190287847950,0.0487716500826248,0.3395273341122730,0.3682489008896018,0.0106476176536160,0.0119818158715054
-0.0319169958267023,-0.0163174209794425,-0.0476880117161222,0.3319682847535081,-0.3039753575655701,0.0149801202752202,-0.4828051591271373,0.0360913498198536,0.3107876914945006,0.3298837045288174,0.0137406881907983,0.0139507912164558
-0.1095522403436255,-0.0236319576699738,-0.1102372783075658,0.4144794111123959,-0.3318676187604852,0.0174487885600974,-0.4378336598921845,0.0244277846444668,0.2808774127898185,0.2956860640206404,0.0118181327739446,0.0158120708167592
-0.1980260120113490,-0.0354614475382113,-0.1798060562188957,0.5040411986109721,-0.3478089728116930,0.0188618332792480,-0.3907770986516259,0.0139574525900705,0.2498681818950484,0.2652653009978360,0.0056651235023662,0.0174383632912266
-0.2895443046033149,-0.0516018726407999,-0.2492728734074777,0.5905773675914137,-0.3489874358007308,0.0186005197096620,-0.3420655581751778,0.0048415968243574,0.2178979182506643,0.2382376078097714,-0.0039687518181512,0.0187220214006178
-0.3793666227276900,-0.0712069134606072,-0.3145830796566921,0.6714023036891602,-0.3490610897375456,0.0170394066542401,-0.2922088815114262,-0.0027820430683321,0.1851921758795661,0.2142641032472479,-0.0163938615555956,0.0195819832459032
-0.4622966703116258,-0.0922735649269196,-0.3717175438112001,0.7407176961239887,-0.3490656931085966,0.0145775366823932,-0.2418044428682061,-0.0088107606456537,0.1520718893927101,0.1930679167295249,-0.0309875627330406,0.0199664309695109
-0.5348385334554573,-0.1124415214082265,-0.4184620240924363,0.7942577162638763,-0.3490659808192873,0.0116641389600270,-0.1915338529926014,-0.0131885859376310,0.1189504629193312,0.1744406738130285,-0.0471927726390814,0.0198522178011168
-0.5953693400297767,-0.1297194457240789,-0.4543397535398691,0.8301158477203459,-0.3490659988012054,0.0087038219042756,-0.1421519329426661,-0.0159160298631647,0.0863231618348402,0.1582451059994096,-0.0645137318578350,0.0192419727844263
-0.6433256773745728,-0.1426945809661687,-0.4797609735123329,0.8476869101484615,-0.3459210837700303,0.0059856770711613,-0.0944716346216089,-0.0170564648415522,0.0547521772055333,0.1444180509875898,-0.0825123061145041,0.0181596302059185
-0.6773332858462985,-0.1498575406398213,-0.4945905135248214,0.8412338040715558,-0.3118859117669905,0.0031853727494161,-0.0493490831101527,-0.0167383490391217,0.0248512927482140,0.1329767390239624,-0.1008067836229545,0.0166449956658835
-0.6991592328524632,-0.1516888329904643,-0.5007475828907479,0.8177541401310167,-0.2714130818267794,0.0007917428048070,-0.0076731883837995,-0.0151530257847873,-0.0027255834359939,0.1240306783855625,-0.1190744289971978,0.0147478656765275
-0.7098632864870938,-0.1487310921671952,-0.4994660274917043,0.7809684223223000,-0.2278042664160514,-0.0010266563691962,0.0296359017998028,-0.0125481814628091,-0.0272878778154869,0.1178014005986521,-0.1370588412571062,0.0125221640863305
-0.7103901144864506,-0.1416878746223509,-0.4917885642700024,0.7340487569081277,-0.1832300851368594,-0.0023679650804846,0.0616158582229622,-0.0092170671749679,-0.0481002272289063,0.1146525911130757,-0.1545832616042132,0.0100205497725557
-0.7018536152207263,-0.1314589164204065,-0.4787833981379984,0.6803817301667499,-0.1398613826566754,-0.0034114495382668,0.0872360409550534,-0.0054830807609601,-0.0643601217342148,0.1151334353456574,-0.1715712081084571,0.0072900004589811
-0.6854951399737672,-0.1190053900474731,-0.4615221586750553,0.6233272708723240,-0.0997472469559509,-0.0043660408396267,0.1053548694617614,-0.0016780165174738,-0.0751600563912370,0.1200377521515627,-0.1880758526941621,0.0043690220855875
-0.6625800878594075,-0.1052190971440487,-0.4410041489831578,0.5658964679596540,-0.0646152305616547,-0.0054194069709233,0.1146620808152395,0.0018901030410328,-0.0794357057349892,0.1304791654644177,-0.2043186049002501,0.0012874350980353
-0.6342675291543129,-0.0908323513899906,-0.4180607698333362,0.5104581687374995,-0.0356782015850799,-0.0066981759412094,0.1136141537206723,0.0049874950309296,-0.0759085821570359,0.1479745070388507,-0.2207334564723103,-0.0019297665892112
-0.6015091030963577,-0.0763901738194925,-0.3932898026083738,0.4585879697244080,-0.0135382376666057,-0.0082486652174911,0.1003892154371016,0.0075360035862546,-0.0630493567929502,0.1745055716391045,-0.2380022910162894,-0.0052521746348345
-0.5650199172961909,-0.0622774862857290,-0.3670525667955085,0.4111058022720807,0.0017720789377070,-0.0100398156287938,0.0729304539884085,0.0097396069968900,-0.0391287625960317,0.2124776593406185,-0.2570391413972124,-0.0086243256398090
-0.5253190287846669,-0.0487716500825840,-0.3395273341121856,0.3682489008894756,0.0106476176536344,-0.0119818158715116,0.0292287809260477,0.0122531142852840,-0.0024979741918862,0.2643954788357930,-0.2788295816943602,-0.0119348155119822
-0.4828051591270007,-0.0360913498198155,-0.3107876914944092,0.3298837045287041,0.0137406881908002,-0.0139507912164619,-0.0319169958269174,0.0163174209794592,0.0476880117162971,0.3319682847537408,-0.3039753575656515,-0.0149801202752286
-0.4378336598920418,-0.0244277846444325,-0.2808774127897244,0.2956860640205409,0.0118181327739319,-0.0158120708167645,-0.1095522403438884,0.0236319576700033,0.1102372783077755,0.4144794111126721,-0.3318676187605722,-0.0174487885601037
-0.3907770986514763,-0.0139574525900399,-0.2498681818949498,0.2652653009977459,0.0056651235023419,-0.0174383632912311,-0.1980260120116295,0.0354614475382547,0.1798060562191126,0.5040411986112444,-0.3478089728117042,-0.0188618332792496
-0.3420655581750189,-0.0048415968243304,-0.2178979182505602,0.2382376078096884,-0.0039687518181861,-0.0187220214006213,-0.2895443046036025,0.0516018726408566,0.2492728734076912,0.5905773675916773,-0.3489874358007315,-0.0186005197096590
-0.2922088815112641,0.0027820430683542,-0.1851921758794596,0.2142641032471738,-0.0163938615556395,-0.0195819832459053,-0.3793666227279646,0.0712069134606724,0.3145830796568866,0.6714023036893978,-0.3490610897375457,-0.0170394066542337
-0.2418044428680487,0.0088107606456700,-0.1520718893926067,0.1930679167294622,-0.0309875627330882,-0.0199664309695116,-0.4622966703118679,0.0922735649269847,0.3717175438113616,0.7407176961241809,-0.3490656931085966,-0.0145775366823847
-0.1915338529924455,0.0131885859376420,-0.1189504629192285,0.1744406738129733,-0.0471927726391330,-0.0198522178011157,-0.5348385334556628,0.1124415214082850,0.4184620240925634,0.7942577162640138,-0.3490659808192873,-0.0116641389600178
-0.1421519329425152,0.0159160298631706,-0.0863231618347405,0.1582451059993626,-0.0645137318578876,-0.0192419727844238,-0.5953693400299451,0.1297194457241264,0.4543397535399636,0.8301158477204299,-0.3490659988012054,-0.0087038219042665
-0.0944716346214639,0.0170564648415534,-0.0547521772054372,0.1444180509875498,-0.0825123061145601,-0.0181596302059144,-0.6433256773746979,0.1426945809661996,0.4797609735123937,0.8476869101484764,-0.3459210837699461,-0.0059856770711537
-0.0493490831100128,0.0167383490391186,-0.0248512927481216,0.1329767390239291,-0.1008067836230170,-0.0166449956658794,-0.6773332858463862,0.1498575406398352,0.4945905135248536,0.8412338040715051,-0.3118859117668711,-0.0031853727494077
-0.0076731883836723,0.0151530257847806,0.0027255834360778,0.1240306783855379,-0.1190744289972584,-0.0147478656765216,-0.6991592328525144,0.1516888329904622,0.5007475828907552,0.8177541401309185,-0.2714130818266456,-0.0007917428048005
0.0296359017999110,0.0125481814627997,0.0272878778155579,0.1178014005986370,-0.1370588412571614,-0.0125221640863232,-0.7098632864871107,0.1487310921671793,0.4994660274916898,0.7809684223221688,-0.2278042664159132,0.0010266563692010
0.0616158582230526,0.0092170671749568,0.0481002272289652,0.1146525911130705,-0.1545832616042667,-0.0100205497725461,-0.7103901144864372,0.1416878746223235,0.4917885642699696,0.7340487569079692,-0.1832300851367215,0.0023679650804882
0.0872360409551223,0.0054830807609482,0.0643601217342581,0.1151334353456645,-0.1715712081085090,-0.0072900004589710,-0.7018536152206869,0.1314589164203707,0.4787833981379506,0.6803817301665759,-0.1398613826565418,0.0034114495382697
0.1053548694618050,0.0016780165174622,0.0751600563912612,0.1200377521515852,-0.1880758526942122,-0.0043690220855782,-0.6854951399737056,0.1190053900474319,0.4615221586749962,0.6233272708721447,-0.0997472469558326,0.0043660408396298
0.1146620808152537,-0.0018901030410435,0.0794357057349912,0.1304791654644611,-0.2043186049003019,-0.0012874350980253,-0.6625800878593259,0.1052190971440037,0.4410041489830885,0.5658964679594742,-0.0646152305615529,0.0054194069709269
0.1136141537206508,-0.0049874950309386,0.0759085821570108,0.1479745070389195,-0.2207334564723633,0.0019297665892216,-0.6342675291542158,0.0908323513899447,0.4180607698332601,0.5104581687373290,-0.0356782015849991,0.0066981759412139
0.1003892154370391,-0.0075360035862617,0.0630493567928936,0.1745055716392039,-0.2380022910163444,0.0052521746348447,-0.6015091030962507,0.0763901738194483,0.3932898026082950,0.4585879697242545,-0.0135382376665481,0.0082486652174963
0.0729304539882985,-0.0097396069968968,0.0391287625959382,0.2124776593407574,-0.2570391413972755,0.0086243256398194,-0.5650199172960734,0.0622774862856863,0.3670525667954256,0.4111058022719417,0.0017720789377438,0.0100398156287997
0.0292287809258835,-0.0122531142852934,0.0024979741917501,0.2643954788359804,-0.2788295816944337,0.0119348155119924,-0.5253190287845404,0.0487716500825436,0.3395273341120992,0.3682489008893514,0.0106476176536521,0.0119818158715176
-0.0319169958271364,-0.0163174209794760,-0.0476880117164752,0.3319682847539781,-0.3039753575657360,0.0149801202752376,-0.4828051591268663,0.0360913498197781,0.3107876914943193,0.3298837045285938,0.0137406881908010,0.0139507912164677
-0.1095522403441526,-0.0236319576700329,-0.1102372783079862,0.4144794111129491,-0.3318676187606620,0.0174487885601101,-0.4378336598918997,0.0244277846443982,0.2808774127896304,0.2956860640204417,0.0118181327739187,0.0158120708167701
-0.1980260120119173,-0.0354614475382992,-0.1798060562193350,0.5040411986115225,-0.3478089728117152,0.0188618332792513,-0.3907770986513234,0.0139574525900085,0.2498681818948496,0.2652653009976544,0.0056651235023153,0.0174383632912361
-0.2895443046038886,-0.0516018726409132,-0.2492728734079042,0.5905773675919423,-0.3489874358007322,0.0186005197096560,-0.3420655581748665,0.0048415968243044,0.2178979182504597,0.2382376078096101,-0.0039687518182207,0.0187220214006246
-0.3793666227282359,-0.0712069134607369,-0.3145830796570788,0.6714023036896348,-0.3490610897375458,0.0170394066542273,-0.2922088815111092,-0.0027820430683753,0.1851921758793579,0.2142641032471049,-0.0163938615556821,0.0195819832459073
-0.4622966703121121,-0.0922735649270505,-0.3717175438115246,0.7407176961243761,-0.3490656931085966,0.0145775366823760,-0.2418044428678943,-0.0088107606456859,0.1520718893925052,0.1930679167294028,-0.0309875627331370,0.0199664309695122
-0.5348385334558715,-0.1124415214083447,-0.4184620240926929,0.7942577162641560,-0.3490659808192873,0.0116641389600084,-0.1915338529922927,-0.0131885859376529,0.1189504629191274,0.1744406738129215,-0.0471927726391841,0.0198522178011145
-0.5953693400301141,-0.1297194457241742,-0.4543397535400588,0.8301158477205141,-0.3490659988012054,0.0087038219042575,-0.1421519329423653,-0.0159160298631765,0.0863231618346413,0.1582451059993169,-0.0645137318579424,0.0192419727844210
-0.6433256773748279,-0.1426945809662317,-0.4797609735124568,0.8476869101484927,-0.3459210837698616,0.0059856770711459,-0.0944716346213158,-0.0170564648415547,0.0547521772053390,0.1444180509875102,-0.0825123061146206,0.0181596302059102
-0.6773332858464722,-0.1498575406398488,-0.4945905135248856,0.8412338040714562,-0.3118859117667527,0.0031853727493994,-0.0493490831098787,-0.0167383490391155,0.0248512927480329,0.1329767390238984,-0.1008067836230734,0.0166449956658736
-0.6991592328525644,-0.1516888329904602,-0.5007475828907622,0.8177541401308239,-0.2714130818265144,0.0007917428047939,-0.0076731883835501,-0.0151530257847739,-0.0027255834361585,0.1240306783855150,-0.1190744289973149,0.0147478656765151
-0.7098632864871275,-0.1487310921671633,-0.4994660274916754,0.7809684223220371,-0.2278042664157740,-0.0010266563692060,0.0296359018000184,-0.0125481814627904,-0.0272878778156282,0.1178014005986224,-0.1370588412572149,0.0125221640863160
-0.7103901144864240,-0.1416878746222961,-0.4917885642699369,0.7340487569078115,-0.1832300851365830,-0.0023679650804919,0.0616158582231419,-0.0092170671749456,-0.0481002272290227,0.1146525911130663,-0.1545832616043191,0.0100205497725380
-0.7018536152206476,-0.1314589164203351,-0.4787833981379030,0.6803817301664030,-0.1398613826564115,-0.0034114495382727,0.0872360409551902,-0.0054830807609364,-0.0643601217342997,0.1151334353456728,-0.1715712081085598,0.0072900004589636
-0.6854951399736429,-0.1190053900473898,-0.4615221586749358,0.6233272708719619,-0.0997472469557131,-0.0043660408396329,0.1053548694618491,-0.0016780165174503,-0.0751600563912856,0.1200377521516094,-0.1880758526942646,0.0043690220855686
-0.6625800878592457,-0.1052190971439597,-0.4410041489830208,0.5658964679592980,-0.0646152305614530,-0.0054194069709304,0.1146620808152672,0.0018901030410539,-0.0794357057349930,0.1304791654645039,-0.2043186049003531,0.0012874350980156
-0.6342675291541203,-0.0908323513898996,-0.4180607698331857,0.5104581687371615,-0.0356782015849195,-0.0066981759412183,0.1136141537206297,0.0049874950309473,-0.0759085821569863,0.1479745070389865,-0.2207334564724150,-0.0019297665892318
-0.6015091030961426,-0.0763901738194037,-0.3932898026082157,0.4585879697240995,-0.0135382376664899,-0.0082486652175016,0.1003892154369771,0.0075360035862689,-0.0630493567928373,0.1745055716393026,-0.2380022910164006,-0.0052521746348554
-0.5650199172959546,-0.0622774862856432,-0.3670525667953421,0.4111058022718013,0.0017720789377811,-0.0100398156288055,0.0729304539881890,0.0097396069969036,-0.0391287625958449,0.2124776593408957,-0.2570391413973385,-0.0086243256398300
-0.5253190287844122,-0.0487716500825028,-0.3395273341120115,0.3682489008892247,0.0106476176536706,-0.0119818158715237,0.0292287809257221,0.0122531142853028,-0.0024979741916163,0.2643954788361642,-0.2788295816945061,-0.0119348155120023
-0.4828051591267254,-0.0360913498197388,-0.3107876914942247,0.3298837045284764,0.0137406881908032,-0.0139507912164741,-0.0319169958273558,0.0163174209794930,0.0476880117166539,0.3319682847542142,-0.3039753575658198,-0.0149801202752464
-0.4378336598917509,-0.0244277846443624,-0.2808774127895318,0.2956860640203364,0.0118181327739060,-0.0158120708167758,-0.1095522403444191,0.0236319576700628,0.1102372783081989,0.4144794111132273,-0.3318676187607527,-0.0174487885601167
-0.3907770986511737,-0.0139574525899779,-0.2498681818947513,0.2652653009975643,0.0056651235022910,-0.0174383632912407,-0.1980260120121973,0.0354614475383426,0.1798060562195518,0.5040411986117941,-0.3478089728117264,-0.0188618332792530
-0.3420655581747137,-0.0048415968242785,-0.2178979182503595,0.2382376078095314,-0.0039687518182546,-0.0187220214006279,-0.2895443046041730,0.0516018726409697,0.2492728734081162,0.5905773675922061,-0.3489874358007329,-0.0186005197096530
-0.2922088815109539,0.0027820430683964,-0.1851921758792560,0.2142641032470354,-0.0163938615557230,-0.0195819832459091,-0.3793666227285065,0.0712069134608015,0.3145830796572709,0.6714023036898716,-0.3490610897375458,-0.0170394066542208
-0.2418044428677373,0.0088107606457021,-0.1520718893924017,0.1930679167293402,-0.0309875627331830,-0.0199664309695122,-0.4622966703123534,0.0922735649271153,0.3717175438116858,0.7407176961245673,-0.3490656931085966,-0.0145775366823674
-0.1915338529921319,0.0131885859376643,-0.1189504629190211,0.1744406738128645,-0.0471927726392383,-0.0198522178011132,-0.5348385334560819,0.1124415214084044,0.4184620240928228,0.7942577162642958,-0.3490659808192873,-0.0116641389599989
-0.1421519329422087,0.0159160298631827,-0.0863231618345375,0.1582451059992679,-0.0645137318580010,-0.0192419727844183,-0.5953693400302860,0.1297194457242226,0.4543397535401556,0.8301158477205975,-0.3490659988012055,-0.0087038219042486
-0.0944716346211708,0.0170564648415558,-0.0547521772052429,0.1444180509874702,-0.0825123061146768,-0.0181596302059060,-0.6433256773749529,0.1426945809662626,0.4797609735125175,0.8476869101485074,-0.3459210837697769,-0.0059856770711384
-0.0493490831097433,0.0167383490391125,-0.0248512927479431,0.1329767390238657,-0.1008067836231286,-0.0166449956658689,-0.6773332858465577,0.1498575406398624,0.4945905135249170,0.8412338040714071,-0.3118859117666324,-0.0031853727493909
-0.0076731883834267,0.0151530257847672,0.0027255834362400,0.1240306783854900,-0.1190744289973686,-0.0147478656765087,-0.6991592328526141,0.1516888329904581,0.5007475828907689,0.8177541401307284,-0.2714130818263810,-0.0007917428047874
0.0296359018001268,0.0125481814627810,0.0272878778156992,0.1178014005986070,-0.1370588412572697,-0.0125221640863086,-0.7098632864871444,0.1487310921671475,0.4994660274916610,0.7809684223219056,-0.2278042664156363,0.0010266563692107
0.0616158582232347,0.0092170671749342,0.0481002272290818,0.1146525911130616,-0.1545832616043748,-0.0100205497725311,-0.7103901144864108,0.1416878746222681,0.4917885642699035,0.7340487569076496,-0.1832300851364430,0.0023679650804955
0.0872360409552609,0.0054830807609242,0.0643601217343436,0.1151334353456808,-0.1715712081086138,-0.0072900004589545,-0.7018536152206073,0.1314589164202985,0.4787833981378543,0.6803817301662247,-0.1398613826562783,0.0034114495382757
0.1053548694618926,0.0016780165174387,0.0751600563913098,0.1200377521516321,-0.1880758526943141,-0.0043690220855593,-0.6854951399735809,0.1190053900473488,0.4615221586748773,0.6233272708717825,-0.0997472469555937,0.0043660408396357
0.1146620808152810,-0.0018901030410644,0.0794357057349950,0.1304791654645459,-0.2043186049004029,-0.0012874350980057,-0.6625800878591656,0.1052190971439156,0.4410041489829529,0.5658964679591215,-0.0646152305613528,0.0054194069709341
0.1136141537206083,-0.0049874950309561,0.0759085821569615,0.1479745070390540,-0.2207334564724671,0.0019297665892420,-0.6342675291540257,0.0908323513898550,0.4180607698331119,0.5104581687369953,-0.0356782015848404,0.0066981759412227
0.1003892154369149,-0.0075360035862760,0.0630493567927810,0.1745055716394014,-0.2380022910164564,0.0052521746348659,-0.6015091030960356,0.0763901738193595,0.3932898026081369,0.4585879697239464,-0.0135382376664324,0.0082486652175068
0.0729304539880770,-0.0097396069969106,0.0391287625957501,0.2124776593410370,-0.2570391413974034,0.0086243256398406,-0.5650199172958332,0.0622774862855991,0.3670525667952564,0.4111058022716575,0.0017720789378194,0.0100398156288116
0.0292287809255558,-0.0122531142853124,0.0024979741914787,0.2643954788363531,-0.2788295816945798,0.0119348155120122,-0.5253190287842811,0.0487716500824610,0.3395273341119217,0.3682489008890955,0.0106476176536893,0.0119818158715300
-0.0319169958275734,-0.0163174209795098,-0.0476880117168309,0.3319682847544499,-0.3039753575659032,0.0149801202752551,-0.4828051591265905,0.0360913498197012,0.3107876914941344,0.3298837045283652,0.0137406881908041,0.0139507912164801
-0.1095522403446842,-0.0236319576700926,-0.1102372783084102,0.4144794111135057,-0.3318676187608418,0.0174487885601232,-0.4378336598916100,0.0244277846443285,0.2808774127894387,0.2956860640202389,0.0118181327738926,0.0158120708167812
-0.1980260120124819,-0.0354614475383867,-0.1798060562197720,0.5040411986120720,-0.3478089728117377,0.0188618332792545,-0.3907770986510271,0.0139574525899479,0.2498681818946548,0.2652653009974780,0.0056651235022663,0.0174383632912450
-0.2895443046044583,-0.0516018726410262,-0.2492728734083284,0.5905773675924704,-0.3489874358007336,0.0186005197096499,-0.3420655581745615,0.0048415968242526,0.2178979182502596,0.2382376078094535,-0.0039687518182896,0.0187220214006312
-0.3793666227287835,-0.0712069134608673,-0.3145830796574672,0.6714023036901121,-0.3490610897375458,0.0170394066542142,-0.2922088815107937,-0.0027820430684183,0.1851921758791505,0.2142641032469634,-0.0163938615557677,0.0195819832459112
-0.4622966703126022,-0.0922735649271821,-0.3717175438118515,0.7407176961247635,-0.3490656931085966,0.0145775366823587,-0.2418044428675760,-0.0088107606457187,0.1520718893922959,0.1930679167292767,-0.0309875627332351,0.0199664309695130
-0.5348385334562896,-0.1124415214084637,-0.4184620240929514,0.7942577162644359,-0.3490659808192873,0.0116641389599896,-0.1915338529919779,-0.0131885859376753,0.1189504629189195,0.1744406738128117,-0.0471927726392920,0.0198522178011123
-0.5953693400304554,-0.1297194457242704,-0.4543397535402510,0.8301158477206823,-0.3490659988012054,0.0087038219042395,-0.1421519329420593,-0.0159160298631886,0.0863231618344386,0.1582451059992227,-0.0645137318580553,0.0192419727844160
-0.6433256773750795,-0.1426945809662940,-0.4797609735125790,0.8476869101485243,-0.3459210837696913,0.0059856770711306,-0.0944716346210280,-0.0170564648415569,0.0547521772051484,0.1444180509874322,-0.0825123061147314,0.0181596302059021
-0.6773332858466438,-0.1498575406398761,-0.4945905135249490,0.8412338040713584,-0.3118859117665141,0.0031853727493826,-0.0493490831096091,-0.0167383490391094,0.0248512927478542,0.1329767390238349,-0.1008067836231857,0.0166449956658636
-0.6991592328526657,-0.1516888329904559,-0.5007475828907764,0.8177541401306312,-0.2714130818262480,0.0007917428047808,-0.0076731883833010,-0.0151530257847604,-0.0027255834363232,0.1240306783854669,-0.1190744289974281,0.0147478656765013
-0.7098632864871618,-0.1487310921671311,-0.4994660274916463,0.7809684223217709,-0.2278042664154960,-0.0010266563692156,0.0296359018002372,-0.0125481814627714,-0.0272878778157716,0.1178014005985929,-0.1370588412573285,0.0125221640863009
-0.7103901144863979,-0.1416878746222409,-0.4917885642698710,0.7340487569074922,-0.1832300851363058,-0.0023679650804991,0.0616158582233240,-0.0092170671749231,-0.0481002272291394,0.1146525911130576,-0.1545832616044285,0.0100205497725229
-0.7018536152205678,-0.1314589164202627,-0.4787833981378070,0.6803817301660511,-0.1398613826561478,-0.0034114495382789,0.0872360409553289,-0.0054830807609124,-0.0643601217343857,0.1151334353456889,-0.1715712081086651,0.0072900004589459
-0.6854951399735191,-0.1190053900473076,-0.4615221586748181,0.6233272708716032,-0.0997472469554756,-0.0043660408396387,0.1053548694619355,-0.0016780165174272,-0.0751600563913335,0.1200377521516555,-0.1880758526943644,0.0043690220855501
-0.6625800878590854,-0.1052190971438715,-0.4410041489828850,0.5658964679589453,-0.0646152305612529,-0.0054194069709377,0.1146620808152946,0.0018901030410747,-0.0794357057349968,0.1304791654645884,-0.2043186049004536,0.0012874350979961
-0.6342675291539276,-0.0908323513898085,-0.4180607698330353,0.5104581687368231,-0.0356782015847586,-0.0066981759412271,0.1136141537205869,0.0049874950309650,-0.0759085821569365,0.1479745070391225,-0.2207334564725201,-0.0019297665892523
-0.6015091030959241,-0.0763901738193135,-0.3932898026080548,0.4585879697237867,-0.0135382376663724,-0.0082486652175121,0.1003892154368520,0.0075360035862835,-0.0630493567927240,0.1745055716395017,-0.2380022910165130,-0.0052521746348765
-0.5650199172957144,-0.0622774862855561,-0.3670525667951727,0.4111058022715168,0.0017720789378568,-0.0100398156288174,0.0729304539879681,0.0097396069969174,-0.0391287625956573,0.2124776593411747,-0.2570391413974660,-0.0086243256398510
-0.5253190287841534,-0.0487716500824202,-0.3395273341118347,0.3682489008889697,0.0106476176537074,-0.0119818158715362,0.0292287809253932,0.0122531142853218,-0.0024979741913439,0.2643954788365385,-0.2788295816946526,-0.0119348155120223
-0.4828051591264544,-0.0360913498196635,-0.3107876914940435,0.3298837045282529,0.0137406881908058,-0.0139507912164859,-0.0319169958277903,0.0163174209795266,0.0476880117170077,0.3319682847546847,-0.3039753575659870,-0.0149801202752642
-0.4378336598914667,-0.0244277846442940,-0.2808774127893439,0.2956860640201384,0.0118181327738800,-0.0158120708167865,-0.1095522403449461,0.0236319576701219,0.1102372783086191,0.4144794111137802,-0.3318676187609297,-0.0174487885601295
-0.3907770986508725,-0.0139574525899162,-0.2498681818945534,0.2652653009973845,0.0056651235022408,-0.0174383632912499,-0.1980260120127675,0.0354614475384308,0.1798060562199928,0.5040411986123479,-0.3478089728117487,-0.0188618332792562
-0.3420655581744023,-0.0048415968242255,-0.2178979182501553,0.2382376078093703,-0.0039687518183255,-0.0187220214006350,-0.2895443046047468,0.0516018726410832,0.2492728734085432,0.5905773675927353,-0.3489874358007343,-0.0186005197096469
-0.2922088815106370,0.0027820430684396,-0.1851921758790478,0.2142641032468925,-0.0163938615558096,-0.0195819832459132,-0.3793666227290525,0.0712069134609312,0.3145830796576580,0.6714023036903465,-0.3490610897375458,-0.0170394066542078
-0.2418044428674198,0.0088107606457349,-0.1520718893921928,0.1930679167292150,-0.0309875627332810,-0.0199664309695132,-0.4622966703128443,0.0922735649272472,0.3717175438120134,0.7407176961249557,-0.3490656931085966,-0.0145775366823501
-0.1915338529918231,0.0131885859376862,-0.1189504629188177,0.1744406738127573,-0.0471927726393419,-0.0198522178011112,-0.5348385334564962,0.1124415214085227,0.4184620240930796,0.7942577162645752,-0.3490659808192873,-0.0116641389599803
-0.1421519329419078,0.0159160298631945,-0.0863231618343387,0.1582451059991751,-0.0645137318581075,-0.0192419727844128,-0.5953693400306235,0.1297194457243178,0.4543397535403455,0.8301158477207655,-0.3490659988012054,-0.0087038219042306
-0.0944716346208784,0.0170564648415582,-0.0547521772050498,0.1444180509873907,-0.0825123061147904,-0.0181596302058980,-0.6433256773752078,0.1426945809663256,0.4797609735126412,0.8476869101485386,-0.3459210837696060,-0.0059856770711228
-0.0493490831094693,0.0167383490391064,-0.0248512927477619,0.1329767390238018,-0.1008067836232468,-0.0166449956658586,-0.6773332858467316,0.1498575406398899,0.4945905135249813,0.8412338040713074,-0.3118859117663945,-0.0031853727493742
-0.0076731883831775,0.0151530257847537,0.0027255834364048,0.1240306783854424,-0.1190744289974843,-0.0147478656764948,-0.6991592328527153,0.1516888329904538,0.5007475828907832,0.8177541401305357,-0.2714130818261162,-0.0007917428047743
0.0296359018003456,0.0125481814627620,0.0272878778158427,0.1178014005985770,-0.1370588412573815,-0.0125221640862937,-0.7098632864871783,0.1487310921671150,0.4994660274916315,0.7809684223216388,-0.2278042664153569,0.0010266563692205
0.0616158582234142,0.0092170671749120,0.0481002272291983,0.1146525911130523,-0.1545832616044810,-0.0100205497725135,-0.7103901144863846,0.1416878746222136,0.4917885642698382,0.7340487569073342,-0.1832300851361670,0.0023679650805028
0.0872360409553977,0.0054830807609005,0.0643601217344285,0.1151334353456962,-0.1715712081087166,-0.0072900004589370,-0.7018536152205286,0.1314589164202272,0.4787833981377598,0.6803817301658779,-0.1398613826560173,0.0034114495382819
0.1053548694619803,0.0016780165174153,0.0751600563913584,0.1200377521516790,-0.1880758526944176,-0.0043690220855404,-0.6854951399734566,0.1190053900472656,0.4615221586747579,0.6233272708714204,-0.0997472469553559,0.0043660408396417
0.1146620808153087,-0.0018901030410854,0.0794357057349988,0.1304791654646321,-0.2043186049005055,-0.0012874350979861,-0.6625800878590038,0.1052190971438265,0.4410041489828156,0.5658964679587654,-0.0646152305611510,0.0054194069709413
0.1136141537205658,-0.0049874950309738,0.0759085821569119,0.1479745070391897,-0.2207334564725718,0.0019297665892625,-0.6342675291538327,0.0908323513897637,0.4180607698329612,0.5104581687366564,-0.0356782015846794,0.0066981759412315
0.1003892154367893,-0.0075360035862906,0.0630493567926674,0.1745055716396013,-0.2380022910165694,0.0052521746348870,-0.6015091030958174,0.0763901738192694,0.3932898026079763,0.4585879697236337,-0.0135382376663150,0.0082486652175173
0.0729304539878575,-0.0097396069969243,0.0391287625955626,0.2124776593413145,-0.2570391413975296,0.0086243256398619,-0.5650199172955969,0.0622774862855134,0.3670525667950899,0.4111058022713780,0.0017720789378935,0.0100398156288232
0.0292287809252300,-0.0122531142853312,0.0024979741912085,0.2643954788367243,-0.2788295816947257,0.0119348155120323,-0.5253190287840267,0.0487716500823798,0.3395273341117478,0.3682489008888450,0.0106476176537252,0.0119818158715422
-0.0319169958280114,-0.0163174209795436,-0.0476880117171873,0.3319682847549229,-0.3039753575660706,0.0149801202752727,-0.4828051591263154,0.0360913498196246,0.3107876914939502,0.3298837045281379,0.0137406881908066,0.0139507912164922
-0.1095522403452154,-0.0236319576701521,-0.1102372783088338,0.4144794111140615,-0.3318676187610210,0.0174487885601360,-0.4378336598913198,0.0244277846442586,0.2808774127892467,0.2956860640200354,0.0118181327738663,0.0158120708167924
-0.1980260120130500,-0.0354614475384746,-0.1798060562202114,0.5040411986126223,-0.3478089728117599,0.0188618332792580,-0.3907770986507248,0.0139574525898860,0.2498681818944561,0.2652653009972967,0.0056651235022157,0.0174383632912543
-0.2895443046050335,-0.0516018726411399,-0.2492728734087559,0.5905773675930012,-0.3489874358007350,0.0186005197096438,-0.3420655581742511,0.0048415968241999,0.2178979182500561,0.2382376078092936,-0.0039687518183600,0.0187220214006380
-0.3793666227293257,-0.0712069134609964,-0.3145830796578516,0.6714023036905870,-0.3490610897375460,0.0170394066542011,-0.2922088815104834,-0.0027820430684605,0.1851921758789471,0.2142641032468249,-0.0163938615558510,0.0195819832459150
-0.4622966703130880,-0.0922735649273127,-0.3717175438121756,0.7407176961251497,-0.3490656931085966,0.0145775366823415,-0.2418044428672644,-0.0088107606457509,0.1520718893920908,0.1930679167291544,-0.0309875627333285,0.0199664309695135
-0.5348385334567082,-0.1124415214085829,-0.4184620240932105,0.7942577162647170,-0.3490659808192872,0.0116641389599707,-0.1915338529916640,-0.0131885859376975,0.1189504629187128,0.1744406738127023,-0.0471927726393974,0.0198522178011100
-0.5953693400307962,-0.1297194457243665,-0.4543397535404425,0.8301158477208503,-0.3490659988012054,0.0087038219042216,-0.1421519329417528,-0.0159160298632007,0.0863231618342362,0.1582451059991279,-0.0645137318581666,0.0192419727844102
-0.6433256773753347,-0.1426945809663572,-0.4797609735127031,0.8476869101485558,-0.3459210837695226,0.0059856770711150,-0.0944716346207349,-0.0170564648415594,0.0547521772049547,0.1444180509873524,-0.0825123061148475,0.0181596302058939
-0.6773332858468177,-0.1498575406399038,-0.4945905135250133,0.8412338040712590,-0.3118859117662745,0.0031853727493657,-0.0493490831093353,-0.0167383490391032,0.0248512927476732,0.1329767390237709,-0.1008067836233020,0.0166449956658533
-0.6991592328527654,-0.1516888329904519,-0.5007475828907902,0.8177541401304412,-0.2714130818259833,0.0007917428047676,-0.0076731883830554,-0.0151530257847472,-0.0027255834364854,0.1240306783854192,-0.1190744289975387,0.0147478656764887
-0.7098632864871954,-0.1487310921670992,-0.4994660274916173,0.7809684223215080,-0.2278042664152194,-0.0010266563692254,0.0296359018004528,-0.0125481814627527,-0.0272878778159129,0.1178014005985630,-0.1370588412574369,0.0125221640862864
-0.7103901144863717,-0.1416878746221858,-0.4917885642698051,0.7340487569071731,-0.1832300851360280,-0.0023679650805063,0.0616158582235062,-0.0092170671749005,-0.0481002272292575,0.1146525911130485,-0.1545832616045373,0.0100205497725049
-0.7018536152204886,-0.1314589164201906,-0.4787833981377110,0.6803817301657006,-0.1398613826558848,-0.0034114495382848,0.0872360409554675,-0.0054830807608883,-0.0643601217344718,0.1151334353457050,-0.1715712081087709,0.0072900004589279
-0.6854951399733946,-0.1190053900472243,-0.4615221586746981,0.6233272708712410,-0.0997472469552408,-0.0043660408396452,0.1053548694620232,-0.0016780165174037,-0.0751600563913821,0.1200377521517026,-0.1880758526944677,0.0043690220855311
-0.6625800878589233,-0.1052190971437823,-0.4410041489827477,0.5658964679585885,-0.0646152305610506,-0.0054194069709450,0.1146620808153222,0.0018901030410959,-0.0794357057350006,0.1304791654646745,-0.2043186049005555,0.0012874350979761
-0.6342675291537375,-0.0908323513897187,-0.4180607698328870,0.5104581687364893,-0.0356782015845999,-0.0066981759412360,0.1136141537205445,0.0049874950309825,-0.0759085821568873,0.1479745070392569,-0.2207334564726239,-0.0019297665892728
-0.6015091030957092,-0.0763901738192248,-0.3932898026078968,0.4585879697234787,-0.0135382376662567,-0.0082486652175225,0.1003892154367278,0.0075360035862977,-0.0630493567926115,0.1745055716396995,-0.2380022910166252,-0.0052521746348976
-0.5650199172954746,-0.0622774862854691,-0.3670525667950038,0.4111058022712331,0.0017720789379322,-0.0100398156288292,0.0729304539877466,0.0097396069969313,-0.0391287625954687,0.2124776593414542,-0.2570391413975930,-0.0086243256398721
-0.5253190287838941,-0.0487716500823377,-0.3395273341116573,0.3682489008887141,0.0106476176537444,-0.0119818158715486,0.0292287809250652,0.0122531142853408,-0.0024979741910722,0.2643954788369115,-0.2788295816947997,-0.0119348155120424
-0.4828051591261786,-0.0360913498195865,-0.3107876914938584,0.3298837045280242,0.0137406881908089,-0.0139507912164982,-0.0319169958282274,0.0163174209795603,0.0476880117173632,0.3319682847551566,-0.3039753575661538,-0.0149801202752814
-0.4378336598911762,-0.0244277846442240,-0.2808774127891516,0.2956860640199345,0.0118181327738538,-0.0158120708167979,-0.1095522403454764,0.0236319576701815,0.1102372783090421,0.4144794111143346,-0.3318676187611080,-0.0174487885601423
-0.3907770986505762,-0.0139574525898557,-0.2498681818943586,0.2652653009972080,0.0056651235021916,-0.0174383632912587,-0.1980260120133317,0.0354614475385182,0.1798060562204293,0.5040411986128962,-0.3478089728117710,-0.0188618332792596
-0.3420655581740975,-0.0048415968241738,-0.2178979182499554,0.2382376078092140,-0.0039687518183943,-0.0187220214006415,-0.2895443046053167,0.0516018726411960,0.2492728734089671,0.5905773675932628,-0.3489874358007357,-0.0186005197096408
-0.2922088815103216,0.0027820430684825,-0.1851921758788407,0.2142641032467511,-0.0163938615558951,-0.0195819832459170,-0.3793666227295991,0.0712069134610613,0.3145830796580453,0.6714023036908228,-0.3490610897375460,-0.0170394066541946
-0.2418044428671017,0.0088107606457676,-0.1520718893919838,0.1930679167290890,-0.0309875627333788,-0.0199664309695140,-0.4622966703133342,0.0922735649273788,0.3717175438123401,0.7407176961253431,-0.3490656931085966,-0.0145775366823328
-0.1915338529915081,0.0131885859377085,-0.1189504629186097,0.1744406738126472,-0.0471927726394495,-0.0198522178011088,-0.5348385334569146,0.1124415214086419,0.4184620240933385,0.7942577162648560,-0.3490659808192872,-0.0116641389599616
-0.1421519329416012,0.0159160298632066,-0.0863231618341355,0.1582451059990805,-0.0645137318582214,-0.0192419727844073,-0.5953693400309640,0.1297194457244139,0.4543397535405370,0.8301158477209329,-0.3490659988012055,-0.0087038219042127
-0.0944716346205903,0.0170564648415606,-0.0547521772048590,0.1444180509873124,-0.0825123061149013,-0.0181596302058900,-0.6433256773754601,0.1426945809663882,0.4797609735127638,0.8476869101485710,-0.3459210837694364,-0.0059856770711074
-0.0493490831091997,0.0167383490391002,-0.0248512927475831,0.1329767390237382,-0.1008067836233576,-0.0166449956658475,-0.6773332858469030,0.1498575406399170,0.4945905135250447,0.8412338040712090,-0.3118859117661558,-0.0031853727493574
-0.0076731883829282,0.0151530257847404,0.0027255834365695,0.1240306783853942,-0.1190744289975979,-0.0147478656764819,-0.6991592328528167,0.1516888329904497,0.5007475828907973,0.8177541401303434,-0.2714130818258500,-0.0007917428047611
0.0296359018005641,0.0125481814627430,0.0272878778159858,0.1178014005985479,-0.1370588412574952,-0.0125221640862786,-0.7098632864872129,0.1487310921670829,0.4994660274916026,0.7809684223213731,-0.2278042664150793,0.0010266563692302
0.0616158582235963,0.0092170671748894,0.0481002272293155,0.1146525911130437,-0.1545832616045907,-0.0100205497724969,-0.7103901144863584,0.1416878746221584,0.4917885642697722,0.7340487569070148,-0.1832300851358894,0.0023679650805100
0.0872360409555365,0.0054830807608765,0.0643601217345150,0.1151334353457124,-0.1715712081088237,-0.0072900004589178,-0.7018536152204492,0.1314589164201551,0.4787833981376640,0.6803817301655274,-0.1398613826557562,0.0034114495382879
0.1053548694620669,0.0016780165173921,0.0751600563914064,0.1200377521517250,-0.1880758526945175,-0.0043690220855218,-0.6854951399733332,0.1190053900471832,0.4615221586746392,0.6233272708710619,-0.0997472469551195,0.0043660408396477
0.1146620808153359,-0.0018901030411063,0.0794357057350025,0.1304791654647169,-0.2043186049006058,-0.0012874350979663,-0.6625800878588437,0.1052190971437384,0.4410041489826801,0.5658964679584130,-0.0646152305609510,0.0054194069709485
0.1136141537205228,-0.0049874950309914,0.0759085821568620,0.1479745070393258,-0.2207334564726767,0.0019297665892831,-0.6342675291536402,0.0908323513896727,0.4180607698328109,0.5104581687363183,-0.0356782015845188,0.0066981759412404
0.1003892154366632,-0.0075360035863051,0.0630493567925533,0.1745055716398018,-0.2380022910166824,0.0052521746349080,-0.6015091030955989,0.0763901738191792,0.3932898026078155,0.4585879697233207,-0.0135382376661973,0.0082486652175279
0.0729304539876455,-0.0097396069969373,0.0391287625953825,0.2124776593415822,-0.2570391413976517,0.0086243256398819,-0.5650199172953709,0.0622774862854314,0.3670525667949306,0.4111058022711105,0.0017720789379646,0.0100398156288344
0.0292287809249338,-0.0122531142853481,0.0024979741909636,0.2643954788370625,-0.2788295816948602,0.0119348155120507,-0.5253190287837979,0.0487716500823069,0.3395273341115916,0.3682489008886199,0.0106476176537578,0.0119818158715532
-0.0319169958283787,-0.0163174209795718,-0.0476880117174862,0.3319682847553231,-0.3039753575662129,0.0149801202752875,-0.4828051591260925,0.0360913498195625,0.3107876914938009,0.3298837045279542,0.0137406881908092,0.0139507912165019
-0.1095522403456330,-0.0236319576701991,-0.1102372783091672,0.4144794111145023,-0.3318676187611626,0.0174487885601461,-0.4378336598910975,0.0244277846442050,0.2808774127890996,0.2956860640198803,0.0118181327738464,0.0158120708168008
-0.1980260120134645,-0.0354614475385389,-0.1798060562205324,0.5040411986130283,-0.3478089728117776,0.0188618332792606,-0.3907770986505106,0.0139574525898422,0.2498681818943152,0.2652653009971691,0.0056651235021800,0.0174383632912608
-0.2895443046054197,-0.0516018726412168,-0.2492728734090442,0.5905773675933627,-0.3489874358007360,0.0186005197096397,-0.3420655581740487,0.0048415968241656,0.2178979182499236,0.2382376078091900,-0.0039687518184052,0.0187220214006424
-0.3793666227296606,-0.0712069134610765,-0.3145830796580898,0.6714023036908835,-0.3490610897375460,0.0170394066541931,-0.2922088815102953,-0.0027820430684860,0.1851921758788236,0.2142641032467408,-0.0163938615559009,0.0195819832459172
-0.4622966703133665,-0.0922735649273879,-0.3717175438123620,0.7407176961253741,-0.3490656931085966,0.0145775366823317,-0.2418044428670888,-0.0088107606457690,0.1520718893919749,0.1930679167290854,-0.0309875627333834,0.0199664309695140
-0.5348385334569178,-0.1124415214086433,-0.4184620240933408,0.7942577162648637,-0.3490659808192872,0.0116641389599614,-0.1915338529915129,-0.0131885859377082,0.1189504629186128,0.1744406738126497,-0.0471927726394471,0.0198522178011088
-0.5953693400309460,-0.1297194457244094,-0.4543397535405275,0.8301158477209292,-0.3490659988012054,0.0087038219042135,-0.1421519329416240,-0.0159160298632057,0.0863231618341507,0.1582451059990887,-0.0645137318582105,0.0192419727844078
-0.6433256773754316,-0.1426945809663817,-0.4797609735127505,0.8476869101485723,-0.3459210837694576,0.0059856770711091,-0.0944716346206284,-0.0170564648415602,0.0547521772048843,0.1444180509873236,-0.0825123061148856,0.0181596302058910
-0.6773332858468745,-0.1498575406399128,-0.4945905135250344,0.8412338040712272,-0.3118859117661964,0.0031853727493602,-0.0493490831092468,-0.0167383490391011,0.0248512927476141,0.1329767390237500,-0.1008067836233384,0.0166449956658492
-0.6991592328527925,-0.1516888329904508,-0.5007475828907941,0.8177541401303895,-0.2714130818259118,0.0007917428047641,-0.0076731883829859,-0.0151530257847436,-0.0027255834365313,0.1240306783854028,-0.1190744289975681,0.0147478656764851
-0.7098632864872022,-0.1487310921670923,-0.4994660274916110,0.7809684223214512,-0.2278042664151597,-0.0010266563692275,0.0296359018005009,-0.0125481814627486,-0.0272878778159446,0.1178014005985541,-0.1370588412574594,0.0125221640862821
-0.7103901144863671,-0.1416878746221779,-0.4917885642697953,0.7340487569071269,-0.1832300851359860,-0.0023679650805077,0.0616158582235333,-0.0092170671748975,-0.0481002272292751,0.1146525911130441,-0.1545832616045490,0.0100205497725032
-0.7018536152204816,-0.1314589164201846,-0.4787833981377028,0.6803817301656714,-0.1398613826558610,-0.0034114495382853,0.0872360409554803,-0.0054830807608864,-0.0643601217344803,0.1151334353457041,-0.1715712081087789,0.0072900004589253
-0.6854951399733906,-0.1190053900472222,-0.4615221586746952,0.6233272708712306,-0.0997472469552302,-0.0043660408396452,0.1053548694620264,-0.0016780165174031,-0.0751600563913841,0.1200377521517016,-0.1880758526944680,0.0043690220855308
-0.6625800878589289,-0.1052190971437854,-0.4410041489827525,0.5658964679586006,-0.0646152305610568,-0.0054194069709448,0.1146620808153217,0.0018901030410951,-0.0794357057350008,0.1304791654646707,-0.2043186049005513,0.0012874350979769
-0.6342675291537496,-0.0908323513897245,-0.4180607698328966,0.5104581687365108,-0.0356782015846102,-0.0066981759412354,0.1136141537205470,0.0049874950309814,-0.0759085821568903,0.1479745070392483,-0.2207334564726171,-0.0019297665892714
-0.6015091030957360,-0.0763901738192359,-0.3932898026079166,0.4585879697235172,-0.0135382376662711,-0.0082486652175213,0.1003892154367416,0.0075360035862959,-0.0630493567926242,0.1745055716396769,-0.2380022910166122,-0.0052521746348951
-0.5650199172955214,-0.0622774862854860,-0.3670525667950367,0.4111058022712885,0.0017720789379173,-0.0100398156288269,0.0729304539877857,0.0097396069969286,-0.0391287625955016,0.2124776593414053,-0.2570391413975708,-0.0086243256398685
-0.5253190287839598,-0.0487716500823585,-0.3395273341117023,0.3682489008887790,0.0106476176537350,-0.0119818158715455,0.0292287809251418,0.0122531142853361,-0.0024979741911356,0.2643954788368255,-0.2788295816947658,-0.0119348155120376
-0.4828051591262645,-0.0360913498196105,-0.3107876914939162,0.3298837045280956,0.0137406881908079,-0.0139507912164944,-0.0319169958281021,0.0163174209795505,0.0476880117172612,0.3319682847550240,-0.3039753575661072,-0.0149801202752763
-0.4378336598912829,-0.0244277846442498,-0.2808774127892225,0.2956860640200095,0.0118181327738637,-0.0158120708167937,-0.1095522403452946,0.0236319576701610,0.1102372783088972,0.4144794111141488,-0.3318676187610500,-0.0174487885601379
-0.3907770986507053,-0.0139574525898822,-0.2498681818944435,0.2652653009972861,0.0056651235022140,-0.0174383632912546,-0.1980260120131053,0.0354614475384834,0.1798060562202547,0.5040411986126825,-0.3478089728117634,-0.0188618332792584
-0.3420655581742484,-0.0048415968241996,-0.2178979182500546,0.2382376078092926,-0.0039687518183588,-0.0187220214006378,-0.2895443046050537,0.0516018726411443,0.2492728734087716,0.5905773675930264,-0.3489874358007352,-0.0186005197096436
-0.2922088815104880,0.0027820430684598,-0.1851921758789500,0.2142641032468261,-0.0163938615558490,-0.0195819832459149,-0.3793666227293221,0.0712069134609958,0.3145830796578494,0.6714023036905865,-0.3490610897375459,-0.0170394066542013
-0.2418044428672874,0.0088107606457485,-0.1520718893921057,0.1930679167291628,-0.0309875627333209,-0.0199664309695135,-0.4622966703130564,0.0922735649273045,0.3717175438121550,0.7407176961251279,-0.3490656931085966,-0.0145775366823426
-0.1915338529917099,0.0131885859376942,-0.1189504629187431,0.1744406738127176,-0.0471927726393796,-0.0198522178011103,-0.5348385334566526,0.1124415214085675,0.4184620240931765,0.7942577162646846,-0.3490659808192872,-0.0116641389599733
-0.1421519329418154,0.0159160298631981,-0.0863231618342776,0.1582451059991466,-0.0645137318581412,-0.0192419727844112,-0.5953693400307305,0.1297194457243485,0.4543397535404063,0.8301158477208221,-0.3490659988012054,-0.0087038219042251
-0.0944716346208114,0.0170564648415588,-0.0547521772050055,0.1444180509873725,-0.0825123061148149,-0.0181596302058962,-0.6433256773752704,0.1426945809663417,0.4797609735126721,0.8476869101485517,-0.3459210837695665,-0.0059856770711189
-0.0493490831094223,0.0167383490391052,-0.0248512927477305,0.1329767390237908,-0.1008067836232646,-0.0166449956658563,-0.6773332858467638,0.1498575406398956,0.4945905135249938,0.8412338040712929,-0.3118859117663513,-0.0031853727493710
-0.0076731883831490,0.0151530257847522,0.0027255834364236,0.1240306783854369,-0.1190744289974960,-0.0147478656764935,-0.6991592328527281,0.1516888329904537,0.5007475828907854,0.8177541401305147,-0.2714130818260837,-0.0007917428047725
0.0296359018003580,0.0125481814627609,0.0272878778158508,0.1178014005985749,-0.1370588412573853,-0.0125221640862930,-0.7098632864871801,0.1487310921671131,0.4994660274916297,0.7809684223216226,-0.2278042664153365,0.0010266563692215
0.0616158582234194,0.0092170671749113,0.0481002272292016,0.1146525911130522,-0.1545832616044842,-0.0100205497725131,-0.7103901144863837,0.1416878746222120,0.4917885642698362,0.7340487569073245,-0.1832300851361587,0.0023679650805030
0.0872360409553937,0.0054830807609012,0.0643601217344260,0.1151334353456956,-0.1715712081087134,-0.0072900004589376,-0.7018536152205304,0.1314589164202290,0.4787833981377621,0.6803817301658873,-0.1398613826560248,0.0034114495382817
0.1053548694619715,0.0016780165174177,0.0751600563913535,0.1200377521516740,-0.1880758526944066,-0.0043690220855424,-0.6854951399734679,0.1190053900472735,0.4615221586747688,0.6233272708714549,-0.0997472469553776,0.0043660408396411
0.1146620808153043,-0.0018901030410822,0.0794357057349982,0.1304791654646182,-0.2043186049004888,-0.0012874350979890,-0.6625800878590280,0.1052190971438401,0.4410041489828366,0.5658964679588195,-0.0646152305611820,0.0054194069709403
0.1136141537205748,-0.0049874950309699,0.0759085821569225,0.1479745070391606,-0.2207334564725494,0.0019297665892582,-0.6342675291538726,0.0908323513897829,0.4180607698329928,0.5104581687367273,-0.0356782015847134,0.0066981759412297
0.1003892154368232,-0.0075360035862866,0.0630493567926980,0.1745055716395473,-0.2380022910165391,0.0052521746348814,-0.6015091030958751,0.0763901738192935,0.3932898026080190,0.4585879697237166,-0.0135382376663461,0.0082486652175144
0.0729304539879296,-0.0097396069969197,0.0391287625956241,0.2124776593412236,-0.2570391413974878,0.0086243256398547,-0.5650199172956738,0.0622774862855416,0.3670525667951444,0.4111058022714686,0.0017720789378699,0.0100398156288193
0.0292287809253534,-0.0122531142853240,0.0024979741913111,0.2643954788365855,-0.2788295816946701,0.0119348155120245,-0.5253190287841252,0.0487716500824115,0.3395273341118157,0.3682489008889417,0.0106476176537121,0.0119818158715373
-0.0319169958278188,-0.0163174209795287,-0.0476880117170309,0.3319682847547183,-0.3039753575659992,0.0149801202752654,-0.4828051591264407,0.0360913498196597,0.3107876914940346,0.3298837045282413,0.0137406881908067,0.0139507912164864
-0.1095522403449595,-0.0236319576701235,-0.1102372783086300,0.4144794111137957,-0.3318676187609358,0.0174487885601299,-0.4378336598914591,0.0244277846442923,0.2808774127893392,0.2956860640201318,0.0118181327738807,0.0158120708167868
-0.1980260120127436,-0.0354614475384272,-0.1798060562199745,0.5040411986123277,-0.3478089728117488,0.0188618332792562,-0.3907770986508872,0.0139574525899194,0.2498681818945634,0.2652653009973923,0.0056651235022451,0.0174383632912493
-0.2895443046046893,-0.0516018726410720,-0.2492728734085005,0.5905773675926851,-0.3489874358007343,0.0186005197096476,-0.3420655581744353,0.0048415968242312,0.2178979182501772,0.2382376078093862,-0.0039687518183163,0.0187220214006342
-0.3793666227289660,-0.0712069134609111,-0.3145830796575974,0.6714023036902748,-0.3490610897375458,0.0170394066542099,-0.2922088815106889,-0.0027820430684325,0.1851921758790822,0.2142641032469146,-0.0163938615557931,0.0195819832459124
-0.4622966703127381,-0.0922735649272190,-0.3717175438119430,0.7407176961248750,-0.3490656931085966,0.0145775366823540,-0.2418044428674886,-0.0088107606457277,0.1520718893922381,0.1930679167292398,-0.0309875627332578,0.0199664309695130
-0.5348385334563808,-0.1124415214084902,-0.4184620240930085,0.7942577162645009,-0.3490659808192872,0.0116641389599855,-0.1915338529919094,-0.0131885859376801,0.1189504629188748,0.1744406738127850,-0.0471927726393107,0.0198522178011119
-0.5953693400305102,-0.1297194457242865,-0.4543397535402825,0.8301158477207140,-0.3490659988012054,0.0087038219042364,-0.1421519329420110,-0.0159160298631904,0.0863231618344073,0.1582451059992052,-0.0645137318580649,0.0192419727844147
-0.6433256773751050,-0.1426945809663008,-0.4797609735125918,0.8476869101485300,-0.3459210837696723,0.0059856770711288,-0.0944716346209982,-0.0170564648415572,0.0547521772051288,0.1444180509874213,-0.0825123061147370,0.0181596302059016
-0.6773332858466550,-0.1498575406398779,-0.4945905135249531,0.8412338040713520,-0.3118859117664984,0.0031853727493814,-0.0493490831095885,-0.0167383490391091,0.0248512927478407,0.1329767390238274,-0.1008067836231921,0.0166449956658629
-0.6991592328526649,-0.1516888329904560,-0.5007475828907763,0.8177541401306324,-0.2714130818262478,0.0007917428047807,-0.0076731883833002,-0.0151530257847606,-0.0027255834363236,0.1240306783854639,-0.1190744289974246,0.0147478656765016
-0.7098632864871590,-0.1487310921671330,-0.4994660274916477,0.7809684223217871,-0.2278042664155120,-0.0010266563692151,0.0296359018002252,-0.0125481814627726,-0.0272878778157638,0.1178014005985919,-0.1370588412573187,0.0125221640863020
-0.7103901144864004,-0.1416878746222474,-0.4917885642698786,0.7340487569075299,-0.1832300851363381,-0.0023679650804983,0.0616158582233037,-0.0092170671749258,-0.0481002272291263,0.1146525911130561,-0.1545832616044131,0.0100205497725251
-0.7018536152205820,-0.1314589164202758,-0.4787833981378244,0.6803817301661143,-0.1398613826561950,-0.0034114495382778,0.0872360409553055,-0.0054830807609167,-0.0643601217343713,0.1151334353456841,-0.1715712081086453,0.0072900004589491
-0.6854951399735484,-0.1190053900473274,-0.4615221586748465,0.6233272708716889,-0.0997472469555318,-0.0043660408396373,0.1053548694619159,-0.0016780165174327,-0.0751600563913228,0.1200377521516429,-0.1880758526943396,0.0043690220855545
-0.6625800878591332,-0.1052190971438979,-0.4410041489829256,0.5658964679590507,-0.0646152305613126,-0.0054194069709355,0.1146620808152868,0.0018901030410686,-0.0794357057349960,0.1304791654645624,-0.2043186049004229,0.0012874350980018
-0.6342675291539979,-0.0908323513898419,-0.4180607698330904,0.5104581687369466,-0.0356782015848171,-0.0066981759412240,0.1136141537206017,0.0049874950309585,-0.0759085821569540,0.1479745070390737,-0.2207334564724822,-0.0019297665892450
-0.6015091030960170,-0.0763901738193520,-0.3932898026081235,0.4585879697239200,-0.0135382376664225,-0.0082486652175076,0.1003892154369024,0.0075360035862772,-0.0630493567927699,0.1745055716394208,-0.2380022910164673,-0.0052521746348679
-0.5650199172958236,-0.0622774862855957,-0.3670525667952497,0.4111058022716462,0.0017720789378224,-0.0100398156288120,0.0729304539880653,0.0097396069969111,-0.0391287625957402,0.2124776593410519,-0.2570391413974101,-0.0086243256398416
-0.5253190287842858,-0.0487716500824625,-0.3395273341119251,0.3682489008891002,0.0106476176536886,-0.0119818158715298,0.0292287809255568,0.0122531142853121,-0.0024979741914796,0.2643954788363531,-0.2788295816945810,-0.0119348155120123
-0.4828051591266113,-0.0360913498197071,-0.3107876914941485,0.3298837045283826,0.0137406881908042,-0.0139507912164790,-0.0319169958275480,0.0163174209795077,0.0476880117168103,0.3319682847544247,-0.3039753575658954,-0.0149801202752542
-0.4378336598916481,-0.0244277846443377,-0.2808774127894640,0.2956860640202654,0.0118181327738964,-0.0158120708167796,-0.1095522403446219,0.0236319576700856,0.1102372783083607,0.4144794111134432,-0.3318676187608237,-0.0174487885601218
-0.3907770986510834,-0.0139574525899595,-0.2498681818946919,0.2652653009975106,0.0056651235022768,-0.0174383632912433,-0.1980260120123835,0.0354614475383715,0.1798060562196961,0.5040411986119802,-0.3478089728117350,-0.0188618332792542
-0.3420655581746376,-0.0048415968242656,-0.2178979182503094,0.2382376078094918,-0.0039687518182715,-0.0187220214006296,-0.2895443046043254,0.0516018726410001,0.2492728734082298,0.5905773675923517,-0.3489874358007334,-0.0186005197096515
-0.2922088815108963,0.0027820430684042,-0.1851921758792183,0.2142641032470104,-0.0163938615557367,-0.0195819832459096,-0.3793666227286220,0.0712069134608296,0.3145830796573537,0.6714023036899799,-0.3490610897375458,-0.0170394066542178
-0.2418044428676974,0.0088107606457061,-0.1520718893923757,0.1930679167293251,-0.0309875627331927,-0.0199664309695122,-0.4622966703124277,0.0922735649271360,0.3717175438117361,0.7407176961246331,-0.3490656931085966,-0.0145775366823648
-0.1915338529921057,0.0131885859376661,-0.1189504629190041,0.1744406738128557,-0.0471927726392467,-0.0198522178011132,-0.5348385334561242,0.1124415214084171,0.4184620240928495,0.7942577162643291,-0.3490659808192873,-0.0116641389599970
-0.1421519329422007,0.0159160298631830,-0.0863231618345324,0.1582451059992656,-0.0645137318580022,-0.0192419727844182,-0.5953693400303004,0.1297194457242273,0.4543397535401642,0.8301158477206096,-0.3490659988012054,-0.0087038219042478
-0.0944716346211800,0.0170564648415557,-0.0547521772052490,0.1444180509874728,-0.0825123061146715,-0.0181596302059065,-0.6433256773749487,0.1426945809662621,0.4797609735125161,0.8476869101485114,-0.3459210837697816,-0.0059856770711386
-0.0493490831097672,0.0167383490391130,-0.0248512927479590,0.1329767390238715,-0.1008067836231188,-0.0166449956658698,-0.6773332858465444,0.1498575406398607,0.4945905135249126,0.8412338040714181,-0.3118859117666539,-0.0031853727493922
-0.0076731883834629,0.0151530257847692,0.0027255834362161,0.1240306783854973,-0.1190744289973526,-0.0147478656765108,-0.6991592328526004,0.1516888329904590,0.5007475828907676,0.8177541401307576,-0.2714130818264198,-0.0007917428047891
0.0296359018000825,0.0125481814627848,0.0272878778156702,0.1178014005986133,-0.1370588412572478,-0.0125221640863116,-0.7098632864871377,0.1487310921671541,0.4994660274916671,0.7809684223219595,-0.2278042664156924,0.0010266563692088
0.0616158582231849,0.0092170671749404,0.0481002272290504,0.1146525911130633,-0.1545832616043422,-0.0100205497725346,-0.7103901144864169,0.1416878746222828,0.4917885642699208,0.7340487569077346,-0.1832300851365146,0.0023679650804939
0.0872360409552151,0.0054830807609322,0.0643601217343152,0.1151334353456746,-0.1715712081085765,-0.0072900004589607,-0.7018536152206323,0.1314589164203219,0.4787833981378858,0.6803817301663384,-0.1398613826563625,0.0034114495382741
0.1053548694618611,0.0016780165174472,0.0751600563912923,0.1200377521516150,-0.1880758526942776,-0.0043690220855661,-0.6854951399736248,0.1190053900473785,0.4615221586749197,0.6233272708719114,-0.0997472469556782,0.0043660408396335
0.1146620808152693,-0.0018901030410555,0.0794357057349933,0.1304791654645101,-0.2043186049003604,-0.0012874350980140,-0.6625800878592322,0.1052190971439525,0.4410041489830097,0.5658964679592693,-0.0646152305614367,0.0054194069709311
0.1136141537206286,-0.0049874950309476,0.0759085821569852,0.1479745070389892,-0.2207334564724171,0.0019297665892322,-0.6342675291541154,0.0908323513898976,0.4180607698331824,0.5104581687371536,-0.0356782015849157,0.0066981759412185
0.1003892154369815,-0.0075360035862683,0.0630493567928414,0.1745055716392953,-0.2380022910163964,0.0052521746348546,-0.6015091030961500,0.0763901738194069,0.3932898026082214,0.4585879697241103,-0.0135382376664939,0.0082486652175012
0.0729304539882095,-0.0097396069969023,0.0391287625958624,0.2124776593408701,-0.2570391413973270,0.0086243256398280,-0.5650199172959762,0.0622774862856513,0.3670525667953575,0.4111058022718265,0.0017720789377748,0.0100398156288043
0.0292287809257701,-0.0122531142852998,0.0024979741916564,0.2643954788361104,-0.2788295816944859,0.0119348155119993,-0.5253190287844501,0.0487716500825150,0.3395273341120377,0.3682489008892615,0.0106476176536660,0.0119818158715219
-0.0319169958272633,-0.0163174209794858,-0.0476880117165786,0.3319682847541168,-0.3039753575657858,0.0149801202752427,-0.4828051591267863,0.0360913498197560,0.3107876914942659,0.3298837045285263,0.0137406881908034,0.0139507912164712
-0.1095522403442797,-0.0236319576700473,-0.1102372783080880,0.4144794111130861,-0.3318676187607055,0.0174487885601134,-0.4378336598918333,0.0244277846443824,0.2808774127895867,0.2956860640203942,0.0118181327739150,0.0158120708167723
-0.1980260120120158,-0.0354614475383148,-0.1798060562194120,0.5040411986116243,-0.3478089728117207,0.0188618332792521,-0.3907770986512770,0.0139574525899992,0.2498681818948195,0.2652653009976261,0.0056651235023111,0.0174383632912371
-0.2895443046039634,-0.0516018726409283,-0.2492728734079604,0.5905773675920145,-0.3489874358007325,0.0186005197096553,-0.3420655581748263,0.0048415968242977,0.2178979182504336,0.2382376078095876,-0.0039687518182270,0.0187220214006254
-0.3793666227282756,-0.0712069134607468,-0.3145830796571077,0.6714023036896726,-0.3490610897375458,0.0170394066542263,-0.2922088815110865,-0.0027820430683784,0.1851921758793429,0.2142641032470928,-0.0163938615556850,0.0195819832459074
-0.4622966703121175,-0.0922735649270523,-0.3717175438115288,0.7407176961243823,-0.3490656931085966,0.0145775366823758,-0.2418044428678886,-0.0088107606456864,0.1520718893925018,0.1930679167293978,-0.0309875627331355,0.0199664309695121
-0.5348385334558521,-0.1124415214083394,-0.4184620240926811,0.7942577162641450,-0.3490659808192873,0.0116641389600092,-0.1915338529923052,-0.0131885859376520,0.1189504629191359,0.1744406738129229,-0.0471927726391772,0.0198522178011147
-0.5953693400300789,-0.1297194457241645,-0.4543397535400395,0.8301158477204988,-0.3490659988012055,0.0087038219042596,-0.1421519329423949,-0.0159160298631754,0.0863231618346610,0.1582451059993232,-0.0645137318579296,0.0192419727844217
-0.6433256773747830,-0.1426945809662209,-0.4797609735124354,0.8476869101484893,-0.3459210837698914,0.0059856770711486,-0.0944716346213658,-0.0170564648415543,0.0547521772053727,0.1444180509875212,-0.0825123061145983,0.0181596302059123
-0.6773332858464312,-0.1498575406398425,-0.4945905135248704,0.8412338040714803,-0.3118859117668035,0.0031853727494028,-0.0493490831099418,-0.0167383490391170,0.0248512927480750,0.1329767390239103,-0.1008067836230392,0.0166449956658765
-0.6991592328525338,-0.1516888329904610,-0.5007475828907575,0.8177541401308789,-0.2714130818265864,0.0007917428047973,-0.0076731883836215,-0.0151530257847779,-0.0027255834361112,0.1240306783855254,-0.1190744289972748,0.0147478656765194
-0.7098632864871162,-0.1487310921671737,-0.4994660274916847,0.7809684223221232,-0.2278042664158645,-0.0010266563692028,0.0296359017999496,-0.0125481814627965,-0.0272878778155832,0.1178014005986295,-0.1370588412571779,0.0125221640863209
-0.7103901144864340,-0.1416878746223172,-0.4917885642699621,0.7340487569079334,-0.1832300851366892,-0.0023679650804891,0.0616158582230743,-0.0092170671749542,-0.0481002272289792,0.1146525911130675,-0.1545832616042769,0.0100205497725444
-0.7018536152206821,-0.1314589164203667,-0.4787833981379453,0.6803817301665569,-0.1398613826565295,-0.0034114495382702,0.0872360409551308,-0.0054830807609469,-0.0643601217342629,0.1151334353456640,-0.1715712081085130,0.0072900004589714
-0.6854951399737057,-0.1190053900474321,-0.4615221586749966,0.6233272708721457,-0.0997472469558332,-0.0043660408396298,0.1053548694618054,-0.0016780165174623,-0.0751600563912615,0.1200377521515840,-0.1880758526942112,0.0043690220855783
-0.6625800878593374,-0.1052190971440102,-0.4410041489830986,0.5658964679595001,-0.0646152305615674,-0.0054194069709264,0.1146620808152519,0.0018901030410419,-0.0794357057349912,0.1304791654644541,-0.2043186049002943,0.0012874350980268
-0.6342675291542409,-0.0908323513899566,-0.4180607698332799,0.5104581687373733,-0.0356782015850201,-0.0066981759412128,0.1136141537206559,0.0049874950309362,-0.0759085821570170,0.1479745070389021,-0.2207334564723497,-0.0019297665892189
-0.6015091030962922,-0.0763901738194654,-0.3932898026083257,0.4585879697243141,-0.0135382376665705,-0.0082486652174943,0.1003892154370614,0.0075360035862589,-0.0630493567929139,0.1745055716391676,-0.2380022910163241,-0.0052521746348410
-0.5650199172961329,-0.0622774862857080,-0.3670525667954680,0.4111058022720127,0.0017720789377249,-0.0100398156287967,0.0729304539883486,0.0097396069968933,-0.0391287625959810,0.2124776593406948,-0.2570391413972473,-0.0086243256398147
-0.5253190287846198,-0.0487716500825690,-0.3395273341121536,0.3682489008894299,0.0106476176536408,-0.0119818158715136,0.0292287809259773,0.0122531142852877,-0.0024979741918279,0.2643954788358755,-0.2788295816943928,-0.0119348155119866
-0.4828051591269582,-0.0360913498198037,-0.3107876914943807,0.3298837045286693,0.0137406881908005,-0.0139507912164636,-0.0319169958269942,0.0163174209794649,0.0476880117163596,0.3319682847538258,-0.3039753575656827,-0.0149801202752318
-0.4378336598920128,-0.0244277846444255,-0.2808774127897053,0.2956860640205205,0.0118181327739294,-0.0158120708167658,-0.1095522403439503,0.0236319576700102,0.1102372783078249,0.4144794111127395,-0.3318676187605960,-0.0174487885601053
-0.3907770986514639,-0.0139574525900374,-0.2498681818949419,0.2652653009977387,0.0056651235023396,-0.0174383632912315,-0.1980260120116635,0.0354614475382600,0.1798060562191391,0.5040411986112809,-0.3478089728117068,-0.0188618332792499
-0.3420655581750288,-0.0048415968243321,-0.2178979182505665,0.2382376078096939,-0.0039687518181840,-0.0187220214006211,-0.2895443046035982,0.0516018726408562,0.2492728734076887,0.5905773675916789,-0.3489874358007317,-0.0186005197096592
-0.2922088815112922,0.0027820430683504,-0.1851921758794781,0.2142641032471867,-0.0163938615556309,-0.0195819832459050,-0.3793666227279293,0.0712069134606645,0.3145830796568623,0.6714023036893734,-0.3490610897375457,-0.0170394066542346
-0.2418044428680953,0.0088107606456652,-0.1520718893926371,0.1930679167294808,-0.0309875627330729,-0.0199664309695114,-0.4622966703118068,0.0922735649269689,0.3717175438113215,0.7407176961241390,-0.3490656931085966,-0.0145775366823869
-0.1915338529925114,0.0131885859376373,-0.1189504629192720,0.1744406738129975,-0.0471927726391060,-0.0198522178011159,-0.5348385334555875,0.1124415214082645,0.4184620240925176,0.7942577162639713,-0.3490659808192873,-0.0116641389600209
-0.1421519329425960,0.0159160298631674,-0.0863231618347939,0.1582451059993878,-0.0645137318578549,-0.0192419727844252,-0.5953693400298625,0.1297194457241039,0.4543397535399180,0.8301158477203955,-0.3490659988012054,-0.0087038219042707
-0.0944716346215485,0.0170564648415527,-0.0547521772054933,0.1444180509875728,-0.0825123061145272,-0.0181596302059169,-0.6433256773746271,0.1426945809661825,0.4797609735123596,0.8476869101484712,-0.3459210837699964,-0.0059856770711581
-0.0493490831101120,0.0167383490391208,-0.0248512927481871,0.1329767390239522,-0.1008067836229713,-0.0166449956658818,-0.6773332858463252,0.1498575406398258,0.4945905135248315,0.8412338040715434,-0.3118859117669561,-0.0031853727494135
-0.0076731883837768,0.0151530257847862,0.0027255834360088,0.1240306783855577,-0.1190744289972088,-0.0147478656765272,-0.6991592328524728,0.1516888329904643,0.5007475828907497,0.8177541401310005,-0.2714130818267557,-0.0007917428048058
0.0296359017998069,0.0125481814628088,0.0272878778154896,0.1178014005986508,-0.1370588412571067,-0.0125221640863305,-0.7098632864870944,0.1487310921671946,0.4994660274917038,0.7809684223222954,-0.2278042664160445,0.0010266563691965
0.0616158582229553,0.0092170671749688,0.0481002272289018,0.1146525911130752,-0.1545832616042072,-0.0100205497725565,-0.7103901144864511,0.1416878746223529,0.4917885642700048,0.7340487569081394,-0.1832300851368685,0.0023679650804844
0.0872360409550401,0.0054830807609624,0.0643601217342066,0.1151334353456551,-0.1715712081084458,-0.0072900004589829,-0.7018536152207332,0.1314589164204132,0.4787833981380072,0.6803817301667824,-0.1398613826566993,0.0034114495382663
0.1053548694617482,0.0016780165174775,0.0751600563912297,0.1200377521515543,-0.1880758526941445,-0.0043690220855906,-0.6854951399737849,0.1190053900474853,0.4615221586750728,0.6233272708723772,-0.0997472469559847,0.0043660408396260
0.1146620808152336,-0.0018901030410283,0.0794357057349884,0.1304791654643991,-0.2043186049002282,-0.0012874350980395,-0.6625800878594402,0.1052190971440672,0.4410041489831862,0.5658964679597276,-0.0646152305616959,0.0054194069709219
0.1136141537206826,-0.0049874950309253,0.0759085821570479,0.1479745070388177,-0.2207334564722848,0.0019297665892063,-0.6342675291543585,0.0908323513900124,0.4180607698333719,0.5104581687375804,-0.0356782015851184,0.0066981759412072
0.1003892154371400,-0.0075360035862500,0.0630493567929850,0.1745055716390431,-0.2380022910162547,0.0052521746348280,-0.6015091030964246,0.0763901738195203,0.3932898026084235,0.4585879697245041,-0.0135382376666418,0.0082486652174879
0.0729304539884890,-0.0097396069968848,0.0391287625961003,0.2124776593405170,-0.2570391413971670,0.0086243256398016,-0.5650199172962783,0.0622774862857608,0.3670525667955704,0.4111058022721840,0.0017720789376798,0.0100398156287895
0.0292287809261854,-0.0122531142852759,0.0024979741920003,0.2643954788356373,-0.2788295816942993,0.0119348155119738,-0.5253190287847764,0.0487716500826191,0.3395273341122608,0.3682489008895832,0.0106476176536194,0.0119818158715062
-0.0319169958267091,-0.0163174209794431,-0.0476880117161280,0.3319682847535174,-0.3039753575655736,0.0149801202752205,-0.4828051591271333,0.0360913498198527,0.3107876914944983,0.3298837045288132,0.0137406881907996,0.0139507912164559
-0.1095522403436057,-0.0236319576699717,-0.1102372783075504,0.4144794111123787,-0.3318676187604807,0.0174487885600971,-0.4378336598921966,0.0244277846444698,0.2808774127898268,0.2956860640206475,0.0118181327739478,0.0158120708167587
-0.1980260120112937,-0.0354614475382029,-0.1798060562188535,0.5040411986109217,-0.3478089728116923,0.0188618332792479,-0.3907770986516549,0.0139574525900765,0.2498681818950675,0.2652653009978508,0.0056651235023737,0.0174383632912258
-0.2895443046032281,-0.0516018726407830,-0.2492728734074135,0.5905773675913385,-0.3489874358007308,0.0186005197096630,-0.3420655581752277,0.0048415968243660,0.2178979182506973,0.2382376078097956,-0.0039687518181361,0.0187220214006166
-0.3793666227275752,-0.0712069134605803,-0.3145830796566114,0.6714023036890651,-0.3490610897375456,0.0170394066542429,-0.2922088815114949,-0.0027820430683226,0.1851921758796116,0.2142641032472772,-0.0163938615555727,0.0195819832459021
-0.4622966703114987,-0.0922735649268858,-0.3717175438111155,0.7407176961238917,-0.3490656931085966,0.0145775366823977,-0.2418044428682881,-0.0088107606456452,0.1520718893927645,0.1930679167295550,-0.0309875627330117,0.0199664309695108
-0.5348385334553236,-0.1124415214081888,-0.4184620240923539,0.7942577162637889,-0.3490659808192873,0.0116641389600329,-0.1915338529927007,-0.0131885859376239,0.1189504629193970,0.1744406738130605,-0.0471927726390436,0.0198522178011177
-0.5953693400296477,-0.1297194457240427,-0.4543397535397967,0.8301158477202841,-0.3490659988012054,0.0087038219042823,-0.1421519329427805,-0.0159160298631602,0.0863231618349165,0.1582451059994423,-0.0645137318577889,0.0192419727844285
-0.6433256773744611,-0.1426945809661414,-0.4797609735122791,0.8476869101484490,-0.3459210837701059,0.0059856770711682,-0.0944716346217346,-0.0170564648415512,0.0547521772056167,0.1444180509876214,-0.0825123061144524,0.0181596302059221
-0.6773332858462121,-0.1498575406398077,-0.4945905135247895,0.8412338040716059,-0.3118859117671097,0.0031853727494243,-0.0493490831102861,-0.0167383490391249,0.0248512927483029,0.1329767390239915,-0.1008067836228982,0.0166449956658900
-0.6991592328524066,-0.1516888329904665,-0.5007475828907398,0.8177541401311227,-0.2714130818269262,0.0007917428048142,-0.0076731883839352,-0.0151530257847948,-0.0027255834359037,0.1240306783855864,-0.1190744289971340,0.0147478656765348
-0.7098632864870715,-0.1487310921672151,-0.4994660274917221,0.7809684223224651,-0.2278042664162205,-0.0010266563691906,0.0296359017996677,-0.0125481814628210,-0.0272878778153983,0.1178014005986676,-0.1370588412570311,0.0125221640863403
-0.7103901144864674,-0.1416878746223880,-0.4917885642700468,0.7340487569083433,-0.1832300851370448,-0.0023679650804800,0.0616158582228397,-0.0092170671749833,-0.0481002272288273,0.1146525911130785,-0.1545832616041343,0.0100205497725674
-0.7018536152207825,-0.1314589164204580,-0.4787833981380669,0.6803817301669999,-0.1398613826568626,-0.0034114495382626,0.0872360409549560,-0.0054830807609772,-0.0643601217341545,0.1151334353456438,-0.1715712081083804,0.0072900004589939
-0.6854951399738630,-0.1190053900475371,-0.4615221586751473,0.6233272708726026,-0.0997472469561336,-0.0043660408396221,0.1053548694616949,-0.0016780165174918,-0.0751600563912003,0.1200377521515249,-0.1880758526940820,0.0043690220856021
-0.6625800878595417,-0.1052190971441226,-0.4410041489832717,0.5658964679599494,-0.0646152305618225,-0.0054194069709174,0.1146620808152170,0.0018901030410153,-0.0794357057349864,0.1304791654643458,-0.2043186049001660,0.0012874350980519
-0.6342675291544840,-0.0908323513900714,-0.4180607698334696,0.5104581687377998,-0.0356782015852227,-0.0066981759412015,0.1136141537207100,0.0049874950309139,-0.0759085821570798,0.1479745070387303,-0.2207334564722173,-0.0019297665891930
-0.6015091030965670,-0.0763901738195788,-0.3932898026085280,0.4585879697247079,-0.0135382376667184,-0.0082486652174810,0.1003892154372199,0.0075360035862406,-0.0630493567930574,0.1745055716389154,-0.2380022910161813,-0.0052521746348142
-0.5650199172964350,-0.0622774862858175,-0.3670525667956805,0.4111058022723696,0.0017720789376302,-0.0100398156287818,0.0729304539886294,0.0097396069968758,-0.0391287625962199,0.2124776593403398,-0.2570391413970864,-0.0086243256397880
-0.5253190287849449,-0.0487716500826727,-0.3395273341123756,0.3682489008897497,0.0106476176535948,-0.0119818158714981,0.0292287809263939,0.0122531142852636,-0.0024979741921735,0.2643954788354004,-0.2788295816942067,-0.0119348155119608
-0.4828051591273138,-0.0360913498199029,-0.3107876914946190,0.3298837045289642,0.0137406881907966,-0.0139507912164477,-0.0319169958264340,0.0163174209794217,0.0476880117159038,0.3319682847532218,-0.3039753575654687,-0.0149801202752094
-0.4378336598923776,-0.0244277846445134,-0.2808774127899464,0.2956860640207756,0.0118181327739625,-0.0158120708167517,-0.1095522403432790,0.0236319576699349,0.1102372783072896,0.4144794111120362,-0.3318676187603695,-0.0174487885600890
-0.3907770986518432,-0.0139574525901150,-0.2498681818951912,0.2652653009979650,0.0056651235024031,-0.0174383632912200,-0.1980260120109441,0.0354614475381487,0.1798060562185829,0.5040411986105819,-0.3478089728116781,-0.0188618332792457
-0.3420655581754198,-0.0048415968243985,-0.2178979182508225,0.2382376078098954,-0.0039687518180949,-0.0187220214006124,-0.2895443046028720,0.0516018726407123,0.2492728734071483,0.5905773675910074,-0.3489874358007299,-0.0186005197096668
-0.2922088815116906,0.0027820430682960,-0.1851921758797397,0.2142641032473662,-0.0163938615555241,-0.0195819832458999,-0.3793666227272376,0.0712069134604998,0.3145830796563718,0.6714023036887694,-0.3490610897375456,-0.0170394066542512
-0.2418044428684952,0.0088107606456238,-0.1520718893929004,0.1930679167296388,-0.0309875627329508,-0.0199664309695102,-0.4622966703111867,0.0922735649268022,0.3717175438109078,0.7407176961236466,-0.3490656931085966,-0.0145775366824088
-0.1915338529929055,0.0131885859376094,-0.1189504629195316,0.1744406738131340,-0.0471927726389771,-0.0198522178011191,-0.5348385334550578,0.1124415214081134,0.4184620240921895,0.7942577162636135,-0.3490659808192873,-0.0116641389600449
-0.1421519329429800,0.0159160298631523,-0.0863231618350476,0.1582451059995059,-0.0645137318577178,-0.0192419727844316,-0.5953693400294311,0.1297194457239819,0.4543397535396750,0.8301158477201799,-0.3490659988012054,-0.0087038219042938
-0.0944716346219264,0.0170564648415495,-0.0547521772057444,0.1444180509876757,-0.0825123061143758,-0.0181596302059276,-0.6433256773742997,0.1426945809661018,0.4797609735122009,0.8476869101484328,-0.3459210837702135,-0.0059856770711779
-0.0493490831104653,0.0167383490391289,-0.0248512927484216,0.1329767390240352,-0.1008067836228209,-0.0166449956658971,-0.6773332858461015,0.1498575406397905,0.4945905135247489,0.8412338040716717,-0.3118859117672611,-0.0031853727494348
-0.0076731883840907,0.0151530257848031,0.0027255834358010,0.1240306783856180,-0.1190744289970640,-0.0147478656765428,-0.6991592328523454,0.1516888329904694,0.5007475828907317,0.8177541401312429,-0.2714130818270913,-0.0007917428048224
0.0296359017995313,0.0125481814628327,0.0272878778153089,0.1178014005986886,-0.1370588412569659,-0.0125221640863492,-0.7098632864870517,0.1487310921672354,0.4994660274917409,0.7809684223226315,-0.2278042664163967,0.0010266563691842
0.0616158582227259,0.0092170671749971,0.0481002272287539,0.1146525911130865,-0.1545832616040706,-0.0100205497725772,-0.7103901144864843,0.1416878746224225,0.4917885642700881,0.7340487569085422,-0.1832300851372198,0.0023679650804752
0.0872360409548654,0.0054830807609928,0.0643601217340982,0.1151334353456350,-0.1715712081083133,-0.0072900004590054,-0.7018536152208333,0.1314589164205041,0.4787833981381282,0.6803817301672251,-0.1398613826570305,0.0034114495382585
0.1053548694616375,0.0016780165175070,0.0751600563911683,0.1200377521514958,-0.1880758526940164,-0.0043690220856143,-0.6854951399739426,0.1190053900475906,0.4615221586752241,0.6233272708728356,-0.0997472469562865,0.0043660408396181
0.1146620808151987,-0.0018901030410017,0.0794357057349837,0.1304791654642909,-0.2043186049001004,-0.0012874350980647,-0.6625800878596452,0.1052190971441798,0.4410041489833595,0.5658964679601780,-0.0646152305619521,0.0054194069709127
0.1136141537207372,-0.0049874950309025,0.0759085821571116,0.1479745070386431,-0.2207334564721501,0.0019297665891798,-0.6342675291546066,0.0908323513901297,0.4180607698335657,0.5104581687380156,-0.0356782015853252,0.0066981759411959
0.1003892154373007,-0.0075360035862313,0.0630493567931306,0.1745055716387870,-0.2380022910161099,0.0052521746348010,-0.6015091030967059,0.0763901738196364,0.3932898026086306,0.4585879697249071,-0.0135382376667932,0.0082486652174743
0.0729304539887685,-0.0097396069968673,0.0391287625963386,0.2124776593401641,-0.2570391413970055,0.0086243256397744,-0.5650199172965809,0.0622774862858706,0.3670525667957836,0.4111058022725422,0.0017720789375846,0.0100398156287745
0.0292287809266003,-0.0122531142852519,0.0024979741923445,0.2643954788351647,-0.2788295816941136,0.0119348155119483,-0.5253190287851023,0.0487716500827230,0.3395273341124835,0.3682489008899043,0.0106476176535732,0.0119818158714905
-0.0319169958261558,-0.0163174209794002,-0.0476880117156774,0.3319682847529189,-0.3039753575653596,0.0149801202751977,-0.4828051591274802,0.0360913498199492,0.3107876914947304,0.3298837045291000,0.0137406881907961,0.0139507912164405
-0.1095522403429330,-0.0236319576698962,-0.1102372783070138,0.4144794111116730,-0.3318676187602530,0.0174487885600808,-0.4378336598925620,0.0244277846445578,0.2808774127900684,0.2956860640209034,0.0118181327739804,0.0158120708167446
-0.1980260120105735,-0.0354614475380914,-0.1798060562182962,0.5040411986102221,-0.3478089728116638,0.0188618332792435,-0.3907770986520352,0.0139574525901544,0.2498681818953174,0.2652653009980785,0.0056651235024364,0.0174383632912139
-0.2895443046024992,-0.0516018726406387,-0.2492728734068713,0.5905773675906630,-0.3489874358007290,0.0186005197096709,-0.3420655581756167,0.0048415968244320,0.2178979182509518,0.2382376078099948,-0.0039687518180490,0.0187220214006082
-0.3793666227268824,-0.0712069134604155,-0.3145830796561205,0.6714023036884592,-0.3490610897375456,0.0170394066542597,-0.2922088815118908,-0.0027820430682688,0.1851921758798711,0.2142641032474535,-0.0163938615554671,0.0195819832458974
-0.4622966703108703,-0.0922735649267174,-0.3717175438106969,0.7407176961233971,-0.3490656931085966,0.0145775366824197,-0.2418044428686980,-0.0088107606456028,0.1520718893930341,0.1930679167297172,-0.0309875627328840,0.0199664309695096
-0.5348385334547868,-0.1124415214080361,-0.4184620240920218,0.7942577162634312,-0.3490659808192873,0.0116641389600569,-0.1915338529931065,-0.0131885859375950,0.1189504629196646,0.1744406738132025,-0.0471927726389043,0.0198522178011204
-0.5953693400292178,-0.1297194457239214,-0.4543397535395547,0.8301158477200716,-0.3490659988012054,0.0087038219043051,-0.1421519329431660,-0.0159160298631450,0.0863231618351709,0.1582451059995610,-0.0645137318576477,0.0192419727844349
-0.6433256773741396,-0.1426945809660616,-0.4797609735121228,0.8476869101484087,-0.3459210837703209,0.0059856770711878,-0.0944716346221030,-0.0170564648415481,0.0547521772058614,0.1444180509877213,-0.0825123061143080,0.0181596302059324
-0.6773332858459929,-0.1498575406397727,-0.4945905135247084,0.8412338040717310,-0.3118859117674123,0.0031853727494457,-0.0493490831106308,-0.0167383490391327,0.0248512927485315,0.1329767390240721,-0.1008067836227540,0.0166449956659044
-0.6991592328522791,-0.1516888329904718,-0.5007475828907221,0.8177541401313658,-0.2714130818272628,0.0007917428048309,-0.0076731883842492,-0.0151530257848117,-0.0027255834356963,0.1240306783856465,-0.1190744289969895,0.0147478656765511
-0.7098632864870287,-0.1487310921672559,-0.4994660274917592,0.7809684223228017,-0.2278042664165756,-0.0010266563691780,0.0296359017993922,-0.0125481814628448,-0.0272878778152178,0.1178014005987059,-0.1370588412568935,0.0125221640863588
-0.7103901144865011,-0.1416878746224580,-0.4917885642701305,0.7340487569087473,-0.1832300851373987,-0.0023679650804706,0.0616158582226101,-0.0092170671750117,-0.0481002272286793,0.1146525911130909,-0.1545832616040004,0.0100205497725879
-0.7018536152208843,-0.1314589164205506,-0.4787833981381900,0.6803817301674504,-0.1398613826571972,-0.0034114495382548,0.0872360409547774,-0.0054830807610082,-0.0643601217340437,0.1151334353456228,-0.1715712081082434,0.0072900004590170
-0.6854951399740231,-0.1190053900476444,-0.4615221586753016,0.6233272708730689,-0.0997472469564376,-0.0043660408396142,0.1053548694615821,-0.0016780165175221,-0.0751600563911378,0.1200377521514640,-0.1880758526939481,0.0043690220856266
-0.6625800878597460,-0.1052190971442351,-0.4410041489834448,0.5658964679603993,-0.0646152305620770,-0.0054194069709081,0.1146620808151820,0.0018901030409886,-0.0794357057349816,0.1304791654642375,-0.2043186049000374,0.0012874350980769
-0.6342675291547267,-0.0908323513901862,-0.4180607698336590,0.5104581687382262,-0.0356782015854254,-0.0066981759411904,0.1136141537207639,0.0049874950308916,-0.0759085821571424,0.1479745070385589,-0.2207334564720844,-0.0019297665891671
-0.6015091030968420,-0.0763901738196923,-0.3932898026087303,0.4585879697251021,-0.0135382376668665,-0.0082486652174677,0.1003892154373783,0.0075360035862223,-0.0630493567932010,0.1745055716386632,-0.2380022910160397,-0.0052521746347878
-0.5650199172967370,-0.0622774862859272,-0.3670525667958934,0.4111058022727272,0.0017720789375352,-0.0100398156287668,0.0729304539889093,0.0097396069968584,-0.0391287625964586,0.2124776593399863,-0.2570391413969246,-0.0086243256397608
-0.5253190287852709,-0.0487716500827766,-0.3395273341125986,0.3682489008900711,0.0106476176535483,-0.0119818158714825,0.0292287809268093,0.0122531142852395,-0.0024979741925179,0.2643954788349274,-0.2788295816940191,-0.0119348155119348
-0.4828051591276596,-0.0360913498199991,-0.3107876914948504,0.3298837045292494,0.0137406881907933,-0.0139507912164326,-0.0319169958258786,0.0163174209793787,0.0476880117154517,0.3319682847526205,-0.3039753575652551,-0.0149801202751867
-0.4378336598927508,-0.0244277846446032,-0.2808774127901932,0.2956860640210366,0.0118181327739959,-0.0158120708167375,-0.1095522403425960,0.0236319576698583,0.1102372783067451,0.4144794111113219,-0.3318676187601404,-0.0174487885600725
-0.3907770986522331,-0.0139574525901949,-0.2498681818954476,0.2652653009981993,0.0056651235024687,-0.0174383632912078,-0.1980260120102157,0.0354614475380361,0.1798060562180196,0.5040411986098781,-0.3478089728116499,-0.0188618332792414
-0.3420655581758107,-0.0048415968244649,-0.2178979182510790,0.2382376078100968,-0.0039687518180068,-0.0187220214006038,-0.2895443046021462,0.0516018726405687,0.2492728734066083,0.5905773675903366,-0.3489874358007281,-0.0186005197096746
-0.2922088815120883,0.0027820430682419,-0.1851921758800006,0.2142641032475445,-0.0163938615554158,-0.0195819832458949,-0.3793666227265469,0.0712069134603354,0.3145830796558820,0.6714023036881667,-0.3490610897375455,-0.0170394066542676
-0.2418044428688947,0.0088107606455826,-0.1520718893931632,0.1930679167297961,-0.0309875627328286,-0.0199664309695093,-0.4622966703105672,0.0922735649266358,0.3717175438104943,0.7407176961231553,-0.3490656931085965,-0.0145775366824306
-0.1915338529933013,0.0131885859375813,-0.1189504629197930,0.1744406738132721,-0.0471927726388447,-0.0198522178011222,-0.5348385334545291,0.1124415214079625,0.4184620240918620,0.7942577162632570,-0.3490659808192873,-0.0116641389600686
-0.1421519329433657,0.0159160298631371,-0.0863231618353029,0.1582451059996249,-0.0645137318575771,-0.0192419727844383,-0.5953693400290004,0.1297194457238604,0.4543397535394326,0.8301158477199665,-0.3490659988012054,-0.0087038219043167
-0.0944716346222939,0.0170564648415465,-0.0547521772059878,0.1444180509877754,-0.0825123061142358,-0.0181596302059378,-0.6433256773739777,0.1426945809660220,0.4797609735120446,0.8476869101483923,-0.3459210837704326,-0.0059856770711976
-0.0493490831108095,0.0167383490391367,-0.0248512927486498,0.1329767390241164,-0.1008067836226815,-0.0166449956659114,-0.6773332858458824,0.1498575406397557,0.4945905135246679,0.8412338040717970,-0.3118859117675671,-0.0031853727494564
-0.0076731883844122,0.0151530257848204,0.0027255834355891,0.1240306783856797,-0.1190744289969138,-0.0147478656765597,-0.6991592328522146,0.1516888329904748,0.5007475828907133,0.8177541401314904,-0.2714130818274306,-0.0007917428048391
0.0296359017992492,0.0125481814628571,0.0272878778151241,0.1178014005987268,-0.1370588412568192,-0.0125221640863687,-0.7098632864870067,0.1487310921672767,0.4994660274917779,0.7809684223229730,-0.2278042664167525,0.0010266563691719
0.0616158582224964,0.0092170671750256,0.0481002272286060,0.1146525911130982,-0.1545832616039340,-0.0100205497725981,-0.7103901144865175,0.1416878746224921,0.4917885642701712,0.7340487569089443,-0.1832300851375705,0.0023679650804661
0.0872360409546906,0.0054830807610230,0.0643601217339898,0.1151334353456148,-0.1715712081081808,-0.0072900004590278,-0.7018536152209339,0.1314589164205953,0.4787833981382496,0.6803817301676682,-0.1398613826573626,0.0034114495382509
0.1053548694615271,0.0016780165175366,0.0751600563911071,0.1200377521514368,-0.1880758526938866,-0.0043690220856382,-0.6854951399740997,0.1190053900476956,0.4615221586753753,0.6233272708732925,-0.0997472469565856,0.0043660408396103
0.1146620808151638,-0.0018901030409751,0.0794357057349788,0.1304791654641827,-0.2043186048999720,-0.0012874350980896,-0.6625800878598493,0.1052190971442921,0.4410041489835326,0.5658964679606276,-0.0646152305622071,0.0054194069709036
0.1136141537207916,-0.0049874950308802,0.0759085821571745,0.1479745070384712,-0.2207334564720167,0.0019297665891538,-0.6342675291548496,0.0908323513902444,0.4180607698337551,0.5104581687384423,-0.0356782015855281,0.0066981759411846
